:020000040800F2
:100000000000012011330008D5310008DD3100085F
:10001000E5310008ED310008F5310008000000006E
:10002000000000000000000000000000FD3100089A
:1000300009320008000000001532000821320008D3
:100040005933000859330008593300085933000860
:100050005933000859330008593300085933000850
:100060005933000859330008593300085933000840
:100070005933000859330008593300085933000830
:100080005933000859330008593300085933000820
:100090005933000859330008593300085933000810
:1000A0005933000859330008593300085933000800
:1000B00059330008593300085933000859330008F0
:1000C00059330008593300085933000859330008E0
:1000D0005933000859330008593300082D320008FD
:1000E00059330008593300085933000859330008C0
:1000F00059330008593300085933000859330008B0
:10010000593300085933000859330008593300089F
:10011000593300085933000859330008593300088F
:10012000593300085933000859330008593300087F
:1001300000000000000000000000000000000000BF
:1001400000000000000000000000000000000000AF
:10015000000000000000000000000000000000009F
:10016000000000000000000000000000000000008F
:10017000000000000000000000000000000000007F
:10018000000000000000000000000000000000006F
:10019000000000000000000000000000000000005F
:1001A000000000000000000000000000000000004F
:1001B000000000000000000000000000000000003F
:1001C000000000000000000000000000000000002F
:1001D000000000000000000000000000000000001F
:0401E0005FF8E0F1F3
:1001E40010B5054C237833B9044B13B10448AFF36D
:1001F40000800123237010BD600000200000000077
:100204002C42000808B5034B1BB103490348AFF364
:10021400008008BD00000000640000202C4200089B
:1002240080B400AF00BFBD4680BC704780B584B0C9
:1002340000AF78600023FB607B68002B01D10123B1
:100244007AE07B685B7CDBB2002B05D17B68002203
:100254001A74786802F0F8FE7B6802225A7478688F
:1002640000F070F80346002B04D07B6804225A7413
:10027400012361E0786800F092F80346002B04D073
:100284007B6804225A74012356E07B681B685A6811
:100294007B681B6822F007025A607B689B68002B0E
:1002A40005D0274B1B6B264A23F001031363244B11
:1002B400DB6A23F460727B689B6821491343CB6239
:1002C4007B685B68B3F1FF3F03D07B685B68FB60CE
:1002D4000EE0012000F054FEF860FB68002B04D10E
:1002E4007B6804225A74012326E0FB68013BFB600F
:1002F400FB681A0C7B681B6802F00F029A607B682B
:100304001B68FA6892B2DA60786800F070F8034605
:10031400002B04D07B6804225A7401230CE07B6810
:100324000022DA737B6801225A737B6801229A7374
:100334007B6801225A74002318461037BD4680BDDD
:10034400006C004080B584B000AF78600023FB608F
:100354007B68002B01D101231DE07B681B685A6870
:100364007B681B6822F008025A6000F015F9F860F7
:1003740009E000F011F90246FB68D31AB3F57A7F5D
:1003840001D9032307E07B681B685B6803F008035B
:10039400002BEED0002318461037BD4680BD80B533
:1003A40084B000AF78600023FB6000F0F5F8F860DB
:1003B40009E000F0F1F80246FB68D31AB3F57A7F3E
:1003C40001D903230FE07B681B685B6803F02003FB
:1003D400002BEED07B681B685A687B681B6842F070
:1003E40010025A60002318461037BD4680BD80B500
:1003F40084B000AF78600023FB607B681B685A6898
:100404007B681B6822F010025A6000F0C5F8F8609F
:1004140009E000F0C1F80246FB68D31AB3F57A7F0D
:1004240001D9032307E07B681B685B6803F02003A2
:10043400002BEED0002318461037BD4680BD0000C7
:1004440080B487B000AFF860B9607A6000237B6144
:10045400074B7B61BB689B007A6913447B617B69B2
:100464007A6892B21A6000BF1C37BD4680BC7047E0
:10047400006C004080B485B000AF78603960002320
:10048400FB600023BB60084BFB603B689B00FA6881
:100494001344FB60FB681B689BB2BB60BB681846D7
:1004A4001437BD4680BC7047006C004080B500AF77
:1004B400084B1B68074A43F010031360032001F044
:1004C400E3FA0F2000F026F802F0B8FE00231846E5
:1004D40080BD00BF0020024080B500AF094B4FF043
:1004E400FF321A61074B00221A61064B4FF0FF32AC
:1004F400DA60044B0022DA6000F006F800231846A4
:1005040080BD00BF0010024080B400AF00BFBD46F4
:1005140080BC704780B582B000AF7860124B1A6817
:10052400124B1B7819464FF47A73B3FBF1F3B2FB09
:10053400F3F3184601F0EBFA0346002B01D0012334
:100544000EE07B680F2B0AD8002279684FF0FF3049
:1005540001F0A5FA064A7B681360002300E001233A
:1005640018460837BD4680BD000000200800002062
:100574000400002080B400AF054B1B781A46054BDD
:100584001B681344034A136000BFBD4680BC704718
:10059400080000207C00002080B400AF024B1B68E0
:1005A4001846BD4680BC70477C00002080B584B0EE
:1005B40000AF7860FFF7F0FFB8607B68FB60FB6812
:1005C400B3F1FF3F05D00A4B1B781A46FB6813446E
:1005D400FB6000BFFFF7E0FF0246BB68D31AFA686E
:1005E4009A42F7D800BF00BF1037BD4680BD00BF98
:1005F4000800002080B586B000AF78607B68002BCF
:1006040001D1012372E27B681B6803F00103002B14
:1006140000F08780924B5B6803F00C03042B0CD032
:100624008F4B5B6803F00C03082B12D18C4B5B6877
:1006340003F48033B3F5803F0BD1894B1B6803F47B
:100644000033002B6CD07B685B68002B68D10123DE
:100654004CE27B685B68B3F5803F06D1804B1B6836
:100664007F4A43F4803313602EE07B685B68002B81
:100674000CD17B4B1B687A4A23F480331360784B8C
:100684001B68774A23F4802313601DE07B685B6852
:10069400B3F5A02F0CD1724B1B68714A43F480232D
:1006A40013606F4B1B686E4A43F4803313600BE096
:1006B4006B4B1B686A4A23F480331360684B1B68D6
:1006C400674A23F4802313607B685B68002B13D094
:1006D400FFF762FF386108E0FFF75EFF02463B69FF
:1006E400D31A642B01D9032300E25D4B1B6803F486
:1006F4000033002BF0D014E0FFF74EFF386108E020
:10070400FFF74AFF02463B69D31A642B01D903233E
:10071400ECE1534B1B6803F40033002BF0D100E0F1
:1007240000BF7B681B6803F00203002B63D04C4BB3
:100734005B6803F00C03002B0BD0494B5B6803F0A0
:100744000C03082B1CD1464B5B6803F48033002B4D
:1007540016D1434B1B6803F00203002B05D07B68C2
:100764001B69012B01D00123C0E13D4B1B6823F021
:10077400F8027B685B69DB00394913430B603AE09C
:100784007B681B69002B20D0364B01221A60FFF7CF
:1007940003FF386108E0FFF7FFFE02463B69D31A06
:1007A400022B01D90323A1E12D4B1B6803F00203A3
:1007B400002BF0D02A4B1B6823F0F8027B685B699E
:1007C400DB00274913430B6015E0264B00221A6017
:1007D400FFF7E2FE386108E0FFF7DEFE02463B6900
:1007E400D31A022B01D9032380E11D4B1B6803F0AC
:1007F4000203002BF0D17B681B6803F00803002B75
:100804003AD07B689B69002B19D0174B01221A60E0
:10081400FFF7C2FE386108E0FFF7BEFE02463B69FF
:10082400D31A022B01D9032360E10D4B5B6A03F059
:100834000203002BF0D0012000F0CEFA1CE00A4B9A
:1008440000221A60FFF7A8FE38610FE0FFF7A4FE4C
:1008540002463B69D31A022B08D9032346E100BFA1
:10086400001002400000424280044242924B5B6A04
:1008740003F00203002BE9D17B681B6803F0040337
:10088400002B00F0A6800023FB758B4BDB6903F083
:100894008053002B0DD1884BDB69874A43F080538A
:1008A400D361854BDB6903F08053BB60BB680123D4
:1008B400FB75824B1B6803F48073002B18D17F4BAC
:1008C4001B687E4A43F480731360FFF765FE38614A
:1008D40008E0FFF761FE02463B69D31A642B01D995
:1008E400032303E1754B1B6803F48073002BF0D0E2
:1008F4007B68DB68012B06D16F4B1B6A6E4A43F0A1
:10090400010313622DE07B68DB68002B0CD16A4B7A
:100914001B6A694A23F001031362674B1B6A664A28
:1009240023F0040313621CE07B68DB68052B0CD105
:10093400614B1B6A604A43F0040313625E4B1B6AFB
:100944005D4A43F0010313620BE05B4B1B6A5A4A96
:1009540023F001031362584B1B6A574A23F0040324
:1009640013627B68DB68002B15D0FFF715FE386136
:100974000AE0FFF711FE02463B69D31A41F28832BE
:10098400934201D90323B1E04B4B1B6A03F00203EA
:10099400002BEED014E0FFF7FFFD38610AE0FFF70B
:1009A400FBFD02463B69D31A41F28832934201D9D6
:1009B40003239BE0404B1B6A03F00203002BEED1A0
:1009C400FB7D012B05D13C4BDB693B4A23F0805373
:1009D400D3617B68DB69002B00F08780364B5B6852
:1009E40003F00C03082B61D07B68DB69022B46D132
:1009F400334B00221A60FFF7CFFD386108E0FFF7A0
:100A0400CBFD02463B69D31A022B01D903236DE0C7
:100A1400294B1B6803F00073002BF0D17B681B6A21
:100A2400B3F5803F08D1244B5B6823F400327B6824
:100A34009B68214913434B601F4B5B6823F474127A
:100A44007B68196A7B685B6A0B431B4913434B60E1
:100A54001B4B01221A60FFF79FFD386108E0FFF786
:100A64009BFD02463B69D31A022B01D903233DE0C7
:100A7400114B1B6803F00073002BF0D035E0104BD2
:100A840000221A60FFF788FD386108E0FFF784FD53
:100A940002463B69D31A022B01D9032326E0064BF5
:100AA4001B6803F00073002BF0D11EE07B68DB6948
:100AB400012B07D1012319E000100240007000400F
:100AC400600042420B4B5B68FB60FB6803F48032BE
:100AD4007B681B6A9A4206D1FB6803F470127B6838
:100AE4005B6A9A4201D0012300E0002318461837BC
:100AF400BD4680BD0010024080B584B000AF786070
:100B040039607B68002B01D10123D0E06A4B1B685C
:100B140003F007033A689A4210D9674B1B6823F025
:100B2400070265493B6813430B60634B1B6803F082
:100B340007033A689A4201D00123B8E07B681B6836
:100B440003F00203002B20D07B681B6803F004032E
:100B5400002B05D0594B5B68584A43F4E06353605B
:100B64007B681B6803F00803002B05D0534B5B68BC
:100B7400524A43F460535360504B5B6823F0F002D5
:100B84007B689B684D4913434B607B681B6803F08B
:100B94000103002B40D07B685B68012B07D1474BD6
:100BA4001B6803F40033002B15D101237FE07B681D
:100BB4005B68022B07D1414B1B6803F00073002BC9
:100BC40009D1012373E03D4B1B6803F00203002BA2
:100BD40001D101236BE0394B5B6823F003027B688E
:100BE4005B68364913434B60FFF7D6FCF8600AE0B4
:100BF400FFF7D2FC0246FB68D31A41F288329342D3
:100C040001D9032353E02D4B5B6803F00C027B688E
:100C14005B689B009A42EBD1274B1B6803F00703E8
:100C24003A689A4210D2244B1B6823F007022249E7
:100C34003B6813430B60204B1B6803F007033A68BF
:100C44009A4201D0012332E07B681B6803F004035D
:100C5400002B08D0194B5B6823F4E0627B68DB68E7
:100C6400164913434B607B681B6803F00803002B91
:100C740009D0124B5B6823F460527B681B69DB006C
:100C84000E4913434B6000F021F802460B4B5B689E
:100C94001B0903F00F030A49CB5C22FA03F3094A48
:100CA4001360094B1B681846FFF734FC00231846F1
:100CB4001037BD4680BD00BF002002400010024036
:100CC4005C430008000000200400002080B487B0CA
:100CD40000AF0023FB600023BB6000237B61002383
:100CE4007B6000233B611E4B5B68FB60FB6803F089
:100CF4000C03042B02D0082B03D027E0194B3B61D3
:100D040027E0FB689B0C03F00F03174AD35C7B605E
:100D1400FB6803F48033002B10D0114B5B685B0C31
:100D240003F00103114AD35CBB607B680D4A03FBEB
:100D340002F2BB68B2FBF3F37B6104E07B680C4A0C
:100D440002FB03F37B617B693B6102E0054B3B6182
:100D540000BF3B6918461C37BD4680BC704700BFC6
:100D64000010024000127A00744300088443000813
:100D740000093D0080B400AF024B1B681846BD4615
:100D840080BC70470000002080B500AFFFF7F2FF81
:100D94000246054B5B681B0A03F007030349CB5C5F
:100DA40022FA03F3184680BD001002406C43000889
:100DB40080B500AFFFF7DEFF0246054B5B68DB0A38
:100DC40003F007030349CB5C22FA03F3184680BD02
:100DD400001002406C43000880B485B000AF786016
:100DE4000A4B1B680A4AA2FB03235B0A7A6802FBCC
:100DF40003F3FB6000BFFB685A1EFA60002BF9D1B5
:100E040000BF00BF1437BD4680BC704700000020FF
:100E1400D34D621080B586B000AF786000233B618B
:100E24000023FB607B681B6803F00103002B7DD06B
:100E34000023FB754F4BDB6903F08053002B0DD16E
:100E44004C4BDB694B4A43F08053D361494BDB691C
:100E540003F08053BB60BB680123FB75464B1B68E2
:100E640003F48073002B18D1434B1B68424A43F4AC
:100E740080731360FFF790FB386108E0FFF78CFB89
:100E840002463B69D31A642B01D903236DE03A4B24
:100E94001B6803F48073002BF0D0364B1B6A03F4F9
:100EA4004073FB60FB68002B2ED07B685B6803F407
:100EB4004073FA689A4227D02E4B1B6A23F440737E
:100EC400FB602E4B01221A602C4B00221A60294A27
:100ED400FB681362FB6803F00103002B14D0FFF7D7
:100EE4005BFB38610AE0FFF757FB02463B69D31A04
:100EF40041F28832934201D9032336E01D4B1B6A29
:100F040003F00203002BEED01A4B1B6A23F4407249
:100F14007B685B68174913430B62FB7D012B05D18A
:100F2400144BDB69134A23F08053D3617B681B683D
:100F340003F00203002B08D00E4B5B6823F44042FD
:100F44007B689B680B4913434B607B681B6803F009
:100F54001003002B08D0074B5B6823F480027B68E6
:100F64005B69044913434B60002318461837BD4698
:100F740080BD00BF001002400070004040044242A7
:100F840080B588B000AF786000237B610023FB61EB
:100F940000233B610023FB600023BB617B68013BB2
:100FA4000F2B00F2AF8001A252F823F08710000843
:100FB400ED10000809110008771000080911000855
:100FC40009110008091100087F1000080911000820
:100FD4000911000809110008091100080911000885
:100FE4000911000809110008F10F00084A4B5B6859
:100FF400FB60494B1B6803F08073002B00F0848076
:10100400FB689B0C03F00F03444AD35C3B61FB6811
:1010140003F48033002B15D03F4B5B685B0C03F06B
:1010240001033F4AD35C7B61FB6803F48033002BEC
:101034000DD03C4A7B69B2FBF3F23B6902FB03F33C
:10104400FB6104E03B69384A02FB03F3FB61324B6A
:101054005B6803F48003B3F5800F02D1FB69BB61C5
:1010640052E0FB695B00314AA2FB03235B08BB61CE
:101074004AE0FFF72BFEB86149E0FFF727FEB861AD
:1010840045E0254B1B6AFB60FB6803F44073B3F532
:10109400807F08D1FB6803F00203002B03D04FF4D8
:1010A4000043BB611FE0FB6803F44073B3F5007FAA
:1010B40009D1194B5B6A03F00203002B03D049F6F4
:1010C4004043BB610FE0FB6803F44073B3F5407F1A
:1010D4001CD1114B1B6803F40033002B16D04FF2C4
:1010E4002443BB6112E011E0FFF762FE02460A4BA3
:1010F4005B689B0B03F0030301335B00B2FBF3F368
:10110400BB6104E000BF02E000BF00E000BFBB69B8
:1011140018462037BD4680BD0010024088430008B1
:101124009843000800127A0000093D00ABAAAAAA5D
:1011340080B48BB000AF7860396000237B620023F9
:101144003B6279E101227B6A02FA03F3FB613B68AB
:101154001B68FA691340BB61BA69FB699A4240F0A3
:1011640068813B685B68964A93425ED0944A934296
:1011740075D8944A934258D0924A93426FD8924A6F
:10118400934252D0904A934269D8904A93424CD0A9
:101194008E4A934263D88E4A934246D08C4A9342F5
:1011A4005DD8122B2AD8122B59D801A252F823F059
:1011B4002F120008091200081B1200085D12000813
:1011C4006312000863120008631200086312000827
:1011D4006312000863120008631200086312000817
:1011E4006312000863120008631200086312000807
:1011F400631200081112000825120008754A934270
:1012040013D02CE03B68DB683B6229E03B68DB6879
:1012140004333B6224E03B68DB6808333B621FE035
:101224003B68DB680C333B621AE03B689B68002B2D
:1012340002D104233B6213E03B689B68012B05D178
:1012440008233B627B68FA691A6109E008233B6260
:101254007B68FA695A6103E000233B6200E000BF47
:10126400BB69FF2B01D87B6801E07B6804337B6199
:10127400BB69FF2B02D87B6A9B0002E07B6A083BB8
:101284009B003B617B691A680F213B6901FA03F3F8
:10129400DB431A40396A3B6901FA03F31A437B6959
:1012A4001A603B685B6803F08053002B00F0C18038
:1012B400494B9B69484A43F001039361464B9B6940
:1012C40003F00103BB60BB68444A7B6A9B0802339A
:1012D40052F82330FB607B6A03F003039B000F2268
:1012E40002FA03F3DB43FA681340FB607B683C4A71
:1012F40093421FD07B683B4A934219D07B683A4A99
:10130400934213D07B68394A93420DD07B68384AA4
:10131400934207D07B68374A934201D105230AE000
:10132400062308E0042306E0032304E0022302E08A
:10133400012300E000237A6A02F003029200934042
:10134400FA681343FB6025497B6A9B080233FA68F9
:1013540041F823203B685B6803F48013002B06D01C
:10136400254B9A682449BB6913438B6006E0224BE2
:101374009A68BB69DB43204913408B603B685B6818
:1013840003F40013002B06D01B4BDA681A49BB691F
:101394001343CB6006E0184BDA68BB69DB4316499C
:1013A4001340CB603B685B6803F40033002B25D00B
:1013B400114B5A681049BB6913434B6025E000BFC9
:1013C4000000321000003110000022100000211033
:1013D4000000121000001110001002400000014033
:1013E40000080140000C01400010014000140140BD
:1013F40000180140001C014000040140154B5A68CC
:10140400BB69DB43134913404B603B685B6803F4DF
:101414008033002B06D00F4B1A680E49BB69134367
:101424000B6006E00B4B1A68BB69DB4309491340A8
:101434000B607B6A01337B623B681A687B6A22FA21
:1014440003F3002B7FF47EAE00BF00BF2C37BD46F4
:1014540080BC70470004014080B489B000AF78605C
:1014640039600023FB61A6E00122FB6902FA03F361
:101474003A681340BB61BB69002B00F09980544A61
:10148400FB699B08023352F823307B61FB6903F04C
:1014940003039B000F2202FA03F37A6913407B6172
:1014A4007B684C4A93421FD07B684B4A934219D0C5
:1014B4007B684A4A934213D07B68494A93420DD0D1
:1014C4007B68484A934207D07B68474A934201D1DC
:1014D40005230AE0062308E0042306E0032304E0CE
:1014E400022302E0012300E00023FA6902F0030270
:1014F400920093407A699A4232D13C4B1A68BB6994
:10150400DB433A4913400B60384B5A68BB69DB43F1
:10151400364913404B60354BDA68BB69DB433349CA
:101524001340CB60314B9A68BB69DB432F491340AE
:101534008B60FB6903F003039B000F2202FA03F3A1
:101544007B61234AFB699B08023352F823107B69B1
:10155400DA431F48FB699B080A40023340F8232002
:10156400BB69FF2B01D87B6801E07B6804333B61D6
:10157400BB69FF2B02D8FB699B0002E0FB69083BB7
:101584009B00FB603B691A680F21FB6801FA03F3B7
:10159400DB431A400421FB6801FA03F31A433B6955
:1015A4001A607B68DA68BB69DB431A407B68DA60DF
:1015B400FB690133FB613A68FB6922FA03F3002BF0
:1015C4007FF452AF00BF00BF2437BD4680BC7047D4
:1015D4000000014000080140000C014000100140DF
:1015E4000014014000180140001C014000040140A7
:1015F40080B483B000AF78600B467B8013467B7069
:101604007B78002B03D07A887B681A6103E07B889F
:101614001A047B681A6100BF0C37BD4680BC704752
:1016240080B485B000AF78600023FB737B6893F8C7
:101634002130DBB2022B08D07B6804229A637B68DA
:10164400002283F82020012320E07B681B681A68AD
:101654007B681B6822F00E021A607B681B681A689C
:101664007B681B6822F001021A607B681A6C7B6835
:10167400DB6B012101FA02F25A607B68012283F8D4
:1016840021207B68002283F82020FB7B1846143736
:10169400BD4680BC7047000080B584B000AF786060
:1016A4000023FB737B6893F82130DBB2022B05D057
:1016B4007B6804229A630123FB73D6E07B681B6872
:1016C4001A687B681B6822F00E021A607B681B682C
:1016D4001A687B681B6822F001021A607B681B6829
:1016E4001A46644B9A4258D97B681B68624A9342F3
:1016F4004FD07B681B68614A934248D07B681B6863
:101704005F4A934240D07B681B685E4A934238D05C
:101714007B681B685C4A934230D07B681B685B4AD9
:10172400934228D07B681B68524A934220D07B683E
:101734001B68574A934219D07B681B68554A9342E9
:1017440012D07B681B68544A93420AD07B681B689A
:10175400524A934202D14FF480531BE04FF480333A
:1017640018E04FF4807315E0102313E0012311E017
:101774004FF080730EE04FF480130BE04FF480338E
:1017840008E04FF4805305E04FF4807302E0102327
:1017940000E00123424A536057E07B681B68364AE5
:1017A40093424FD07B681B68344A934248D07B688D
:1017B4001B68334A934240D07B681B68314A93428A
:1017C40038D07B681B68304A934230D07B681B68F2
:1017D4002E4A934228D07B681B68264A934220D025
:1017E4007B681B682A4A934219D07B681B68294A84
:1017F400934212D07B681B68274A93420AD07B68C5
:101804001B68264A934202D14FF480531BE04FF4E5
:10181400803318E04FF4807315E0102313E00123A4
:1018240011E04FF080730EE04FF480130BE04FF49F
:10183400803308E04FF4805305E04FF4807302E0F6
:10184400102300E00123174A53607B68012283F8C8
:1018540021207B68002283F820207B685B6B002BAF
:1018640003D07B685B6B78689847FB7B184610371E
:10187400BD4680BD80000240080002401C000240BA
:101884003000024044000240580002406C00024014
:10189400080402401C040240300402404404024094
:1018A400000402400000024080B485B000AF7860BC
:1018B4007B6803F00703FB600C4BDB68BB60BA6812
:1018C4004FF6FF031340BB60FB681A02BB68134367
:1018D40043F0BF6343F40033BB60044ABB68D36086
:1018E40000BF1437BD4680BC704700BF00ED00E068
:1018F40080B400AF044BDB681B0A03F007031846EF
:10190400BD4680BC704700BF00ED00E080B483B0EA
:1019140000AF0346FB7197F90730002B0BDBFB7913
:1019240003F01F02064997F907305B09012000FA0A
:1019340002F241F8232000BF0C37BD4680BC70473B
:1019440000E100E080B483B000AF0346FB7197F977
:101954000730002B12DBFB7903F01F020A4997F9C9
:1019640007305B09012000FA02F2203341F82320FA
:10197400BFF34F8F00BFBFF36F8F00BF00BF0C37A3
:10198400BD4680BC704700BF00E100E080B483B076
:1019940000AF03463960FB7197F90730002B0ADB6F
:1019A4003B68DAB20C4997F907301201D2B20B4402
:1019B40083F800230AE03B68DAB20849FB7903F0B4
:1019C4000F03043B1201D2B20B441A7600BF0C374A
:1019D400BD4680BC704700BF00E100E000ED00E0C0
:1019E40080B489B000AFF860B9607A60FB6803F036
:1019F4000703FB61FB69C3F10703042B28BF04231E
:101A0400BB61FB690433062B02D9FB69033B00E08D
:101A140000237B614FF0FF32BB6902FA03F3DA4320
:101A2400BB681A407B699A404FF0FF317B6901FA29
:101A340003F3D9437B680B40134318462437BD4650
:101A440080BC704780B582B000AF78607B68013B92
:101A5400B3F1807F01D301230FE00A4A7B68013B85
:101A640053600F214FF0FF30FFF790FF054B00222A
:101A74009A60044B07221A60002318460837BD46B3
:101A840080BD00BF10E000E080B582B000AF786098
:101A94007868FFF709FF00BF0837BD4680BD80B5F1
:101AA40086B000AF0346B9607A60FB7300237B61A4
:101AB400FFF71EFF78617A68B9687869FFF790FFCD
:101AC400024697F90F3011461846FFF75FFF00BF33
:101AD4001837BD4680BD80B582B000AF0346FB71A8
:101AE40097F907301846FFF711FF00BF0837BD46C6
:101AF40080BD80B582B000AF0346FB7197F9073013
:101B04001846FFF71FFF00BF0837BD4680BD80B5EC
:101B140082B000AF78607868FFF794FF03461846F8
:101B24000837BD4680BD000080B400AF034B0122DE
:101B34001A6000BFBD4680BC704700BF20000E4243
:101B4400F0B587B000AFF860B960C7E9002301239E
:101B5400FB750023BB7500237B752F4B1B7E012B6C
:101B640001D1022354E02C4B01221A764CF250305E
:101B740000F0A8F80346FB75FB7D002B44D1FB68FD
:101B8400012B02D101237B7507E0FB68022B02D1F4
:101B940002237B7501E004237B750023BB752DE0D4
:101BA400BB7D5A00BB6802EB030CBB7D1901D7E96E
:101BB4000023C1F12006A1F1200022FA01F403FA66
:101BC40006F6344323FA00F0044323FA01F5A3B2E2
:101BD4001946604600F05AF84CF2503000F072F8A2
:101BE4000346FB750D4B1B690C4A23F0010313617B
:101BF400FB7D002B07D1BB7D0133BB75BA7D7B7D9B
:101C04009A42CDD300E000BF034B00221A76FB7D3D
:101C140018461C37BD46F0BD80000020002002405D
:101C240080B483B000AF0023FB710D4B1B6903F03C
:101C34008003002B0DD00A4B0A4A5A60084B0A4A0B
:101C44005A60074B1B6903F08003002B01D001236A
:101C5400FB71FB7918460C37BD4680BC704700BF4A
:101C64000020024023016745AB89EFCD80B400AF6B
:101C7400054B1B69044A43F0800313610023184693
:101C8400BD4680BC704700BF0020024080B483B0D2
:101C940000AF78600B467B80084B0022DA61084B6A
:101CA4001B69074A43F0010313617B687A881A8031
:101CB40000BF0C37BD4680BC704700BF80000020C9
:101CC4000020024080B584B000AF7860FEF764FC69
:101CD400F86010E07B68B3F1FF3F0CD07B68002B09
:101CE40007D0FEF759FC0246FB68D31A7A689A4279
:101CF40001D2032325E0154BDB6803F00103002B1D
:101D0400E8D1124BDB6803F02003002B02D00F4B09
:101D14002022DA600D4BDB6803F01003002B0BD19B
:101D24000A4BDB6903F00103002B05D1074BDB6889
:101D340003F00403002B03D000F00AF8012300E0B1
:101D4400002318461037BD4680BD00BF0020024066
:101D540080B483B000AF00237B60234BDB6803F0C7
:101D64001003002B09D0214BDB6943F002031F4A07
:101D7400D3617B6843F010037B601B4BDB6803F08B
:101D84000403002B09D0194BDB6943F00103174A04
:101D9400D3617B6843F004037B60134BDB6903F07E
:101DA4000103002B0BD0114BDB6943F004030F4AF2
:101DB400D3610D4BDB690C4A23F00103D3617B68CB
:101DC40040F20112934206D1074BDB69064A23F025
:101DD4000103D36102E0044A7B68D36000BF0C377F
:101DE400BD4680BC704700BF002002408000002038
:101DF40080B584B000AF786039600123FB730023A1
:101E0400BB602F4B1B7E012B01D1022353E02C4BD3
:101E140001221A767B681B68022B16D14CF25030D3
:101E2400FFF750FF0346002B41D1012000F04CF88E
:101E34004CF25030FFF746FF0346FB73214B1B69FE
:101E4400204A23F00403136131E04CF25030FFF7D1
:101E540039FF0346002B2AD13B684FF0FF321A604A
:101E64007B689B68BB6019E0B86800F049F84CF2E5
:101E74005030FFF727FF0346FB73124B1B69114ACF
:101E840023F002031361FB7B002B03D03B68BA6889
:101E94001A600CE0BB6803F50063BB607B68DB6819
:101EA400DA027B689B681344BA689A42DCD3044B19
:101EB40000221A76FB7B18461037BD4680BD00BF52
:101EC400800000200020024080B483B000AF78601E
:101ED400094B0022DA61094B1B69084A43F00403E9
:101EE4001361064B1B69054A43F04003136100BFAD
:101EF4000C37BD4680BC70478000002000200240A3
:101F040080B483B000AF78600B4B0022DA610B4BD6
:101F14001B690A4A43F002031361084A7B68536150
:101F2400064B1B69054A43F04003136100BF0C379D
:101F3400BD4680BC704700BF8000002000200240E6
:101F440080B582B000AF78607B68002B01D101239B
:101F540042E07B6893F84130DBB2002B06D17B680A
:101F6400002283F84020786801F0BCF87B682422C2
:101F740083F841207B681B68DA687B681B6822F45D
:101F84000052DA60786800F02BFE7B681B681A69DF
:101F94007B681B6822F490421A617B681B685A694B
:101FA4007B681B6822F02A025A617B681B68DA6826
:101FB4007B681B6842F40052DA607B6800225A6432
:101FC4007B68202283F841207B68202283F842200A
:101FD4007B6800225A63002318460837BD4680BD3B
:101FE40080B582B000AF78607B68002B01D10123FB
:101FF40024E07B68242283F841207B681B68DA682C
:102004007B681B6822F40052DA60786801F0BEF83D
:102014007B6800225A647B68002283F841207B6835
:10202400002283F842207B6800221A637B68002226
:102034005A637B68002283F840200023184608373F
:10204400BD4680BD80B58AB002AFF860B9603B6020
:102054001346FB8000237B61FB6893F84130DBB2BD
:10206400202B75D1BB68002B02D0FB88002B01D13B
:1020740001236EE0FB6800225A64FB68212283F886
:102084004120FEF789FA7861FB68FA889A84FB6834
:10209400FA88DA84FB689B68B3F5805F08D1FB6833
:1020A4001B69002B04D10023FB61BB68BB6103E007
:1020B400BB68FB610023BB612EE03B6800937B6936
:1020C40000228021F86800F097FB0346002B05D01E
:1020D400FB68202283F8412003233AE0FB69002BAC
:1020E4000BD1BB691B881A46FB681B68C2F3080244
:1020F4005A60BB690233BB6107E0FB691A78FB686D
:102104001B685A60FB690133FB61FB68DB8C9BB283
:10211400013B9AB2FB68DA84FB68DB8C9BB2002B30
:10212400CBD13B6800937B6900224021F86800F022
:1021340063FB0346002B05D0FB68202283F8412073
:10214400032306E0FB68202283F84120002300E0FB
:10215400022318462037BD4680BD80B58AB002AF41
:10216400F860B9603B601346FB8000237B61FB6829
:1021740093F84230DBB2202B40F08180BB68002B07
:1021840002D0FB88002B01D1012379E0FB680022F7
:102194005A64FB68222283F84220FB6800221A63F7
:1021A400FEF7FAF97861FB68FA889A85FB68FA8881
:1021B400DA85FB689B68B3F5805F08D1FB681B690F
:1021C400002B04D10023FB61BB68BB6103E0BB6847
:1021D400FB610023BB6147E03B6800937B690022FD
:1021E4002021F86800F008FB0346002B05D0FB68AB
:1021F400202283F84220032342E0FB69002B0CD108
:10220400FB681B685B689BB2C3F308039AB2BB69A3
:102214001A80BB690233BB611FE0FB689B68B3F59E
:10222400805F07D0FB689B68002B0AD1FB681B69A1
:10223400002B06D1FB681B685B68DAB2FB691A7075
:1022440008E0FB681B685B68DBB203F07F03DAB26B
:10225400FB691A70FB690133FB61FB68DB8D9BB280
:10226400013B9AB2FB68DA85FB68DB8D9BB2002BDD
:10227400B2D1FB68202283F84220002300E002232D
:1022840018462037BD4680BD80B5BAB000AF78602F
:102294007B681B681B68C7F8E4307B681B68DB68D5
:1022A400C7F8E0307B681B685B69C7F8DC30002343
:1022B400C7F8D8300023C7F8D430D7F8E43003F097
:1022C4000F03C7F8D830D7F8D830002B0FD1D7F880
:1022D400E43003F02003002B09D0D7F8E03003F0FA
:1022E4002003002B03D0786800F0BCFB5BE2D7F836
:1022F400D830002B00F0DE80D7F8DC3003F0010387
:10230400002B06D1D7F8E03003F49073002B00F0D3
:10231400D180D7F8E43003F00103002B0BD0D7F8B9
:10232400E03003F48073002B05D07B685B6C43F0D2
:1023340001027B685A64D7F8E43003F00403002BED
:102344000BD0D7F8DC3003F00103002B05D07B68F9
:102354005B6C43F002027B685A64D7F8E43003F004
:102364000203002B0BD0D7F8DC3003F00103002B61
:1023740005D07B685B6C43F004027B685A64D7F831
:10238400E43003F00803002B11D0D7F8E03003F059
:102394002003002B05D1D7F8DC3003F00103002B18
:1023A40005D07B685B6C43F008027B685A647B68E9
:1023B4005B6C002B00F0F281D7F8E43003F02003CB
:1023C400002B08D0D7F8E03003F02003002B02D014
:1023D400786800F047FB7B681B685B6903F0400387
:1023E400002B14BF01230023DBB2C7F8D4307B6871
:1023F4005B6C03F00803002B03D1D7F8D430002B17
:102404004FD0786800F051FA7B681B685B6903F071
:102414004003002B41D07B681B681433C7F89C3001
:10242400D7F89C3053E8003FC7F89830D7F8983075
:1024340023F04003C7F8D0307B681B681433D7F807
:10244400D020C7F8A820C7F8A430D7F8A410D7F82C
:10245400A82041E80023C7F8A030D7F8A030002B0B
:10246400D9D17B68DB6B002B13D07B68DB6B7E4A96
:102474005A637B68DB6B1846FFF70EF90346002BA3
:1024840016D07B68DB6B5B6B7A68D26B104698471F
:102494000EE0786800F09CF90AE0786800F098F99A
:1024A40006E0786800F094F97B6800225A6475E1CC
:1024B40000BF73E17B681B6B012B40F04F81D7F8A1
:1024C400E43003F01003002B00F04881D7F8E0302B
:1024D40003F01003002B00F041810023BB607B68F4
:1024E4001B681B68BB607B681B685B68BB60BB6860
:1024F4007B681B685B6903F04003002B00F0B68027
:102504007B68DB6B1B685B68A7F8BE30B7F8BE302E
:10251400002B00F045817B689B8DB7F8BE209A4262
:1025240080F03E817B68B7F8BE20DA857B68DB6B80
:102534009B69202B00F088807B681B680C33C7F8EC
:102544008830D7F8883053E8003FC7F88430D7F88C
:10255400843023F48073C7F8B8307B681B680C336D
:10256400D7F8B820C7F89420C7F89030D7F890105F
:10257400D7F8942041E80023C7F88C30D7F88C3082
:10258400002BD9D17B681B6814337B677B6F53E8BE
:10259400003F3B673B6F23F00103C7F8B4307B680F
:1025A4001B681433D7F8B420C7F88020FB67F96F91
:1025B400D7F8802041E80023BB67BB6F002BE1D133
:1025C4007B681B6814333B663B6E53E8003FFB6536
:1025D400FB6D23F04003C7F8B0307B681B681433ED
:1025E400D7F8B020FA66BB66B96EFA6E41E80023EC
:1025F4007B667B6E002BE3D17B68202283F842202C
:102604007B6800221A637B681B680C33FB64FB6CD9
:1026140053E8003FBB64BB6C23F01003C7F8AC3035
:102624007B681B680C33D7F8AC20BA657B65796D81
:10263400BA6D41E800233B653B6D002BE3D17B6819
:10264400DB6B1846FEF7ECFF7B6802225A637B685B
:102654009A8D7B68DB8D9BB2D31A9BB2194678683E
:1026640000F0BFF89CE000BF732900087B689A8DD6
:102674007B68DB8D9BB2D31AA7F8CE307B68DB8DE9
:102684009BB2002B00F08E80B7F8CE30002B00F008
:1026940089807B681B680C33BB63BB6B53E8003FCA
:1026A4007B637B6B23F49073C7F8C8307B681B682B
:1026B4000C33D7F8C8207A643B64396C7A6C41E8EF
:1026C4000023FB63FB6B002BE3D17B681B68143393
:1026D4007B627B6A53E8003F3B623B6A23F0010361
:1026E400C7F8C4307B681B681433D7F8C4203A6336
:1026F400FB62F96A3A6B41E80023BB62BB6A002BB8
:10270400E3D17B68202283F842207B6800221A638D
:102714007B681B680C333B613B6953E8003FFB60FB
:10272400FB6823F01003C7F8C0307B681B680C33C8
:10273400D7F8C020FA61BB61B969FA6941E800239E
:102744007B617B69002BE3D17B6802225A63B7F873
:10275400CE301946786800F044F823E0D7F8E43026
:1027640003F08003002B09D0D7F8E03003F0800396
:10277400002B03D0786800F00EF914E0D7F8E430A9
:1027840003F04003002B0ED0D7F8E03003F04003F1
:10279400002B08D0786800F04DF904E000BF02E097
:1027A40000BF00E000BFE837BD4680BD80B483B001
:1027B40000AF786000BF0C37BD4680BC704780B462
:1027C40083B000AF786000BF0C37BD4680BC704753
:1027D40080B483B000AF786000BF0C37BD4680BCC6
:1027E400704780B483B000AF78600B467B8000BF35
:1027F4000C37BD4680BC704780B586B000AFF8602A
:10280400B9603B601346FB713BE03B6AB3F1FF3FA9
:1028140037D0FDF7C1FE02463B68D31A3A6A9A42A2
:1028240002D33B6A002B01D103233AE0FB681B6807
:10283400DB6803F00403002B23D0BB68802B20D07B
:10284400BB68402B1DD0FB681B681B6803F00803A2
:10285400082B16D100237B61FB681B681B687B6116
:10286400FB681B685B687B617B69F86800F01DF896
:10287400FB6808225A64FB68002283F84020012385
:102884000FE0FB681B681A68BB681340BA689A4279
:102894000CBF01230023DBB21A46FB799A42B4D061
:1028A400002318461837BD4680BD80B495B000AFEC
:1028B40078607B681B680C337B637B6B53E8003F59
:1028C4003B633B6B23F49073FB647B681B680C33A2
:1028D400FA6C3A64FB63F96B3A6C41E80023BB631E
:1028E400BB6B002BE5D17B681B6814333B623B6AEE
:1028F40053E8003FFB61FB6923F00103BB647B6881
:102904001B681433BA6CFA62BB62B96AFA6A41E8AA
:1029140000237B627B6A002BE5D17B681B6B012B58
:1029240019D17B681B680C33FB60FB6853E8003FDC
:10293400BB60BB6823F010037B647B681B680C33AB
:102944007A6CBA617B617969BA6941E800233B61B9
:102954003B69002BE5D17B68202283F842207B6809
:1029640000221A6300BF5437BD4680BC704780B54F
:1029740084B000AF78607B685B6AFB60FB68002210
:10298400DA85FB680022DA84F868FFF721FF00BFCC
:102994001037BD4680BD80B485B000AF78607B68D9
:1029A40093F84130DBB2212B3ED17B689B68B3F5B1
:1029B400805F14D17B681B69002B10D17B681B6A74
:1029C400FB60FB681B881A467B681B68C2F308021D
:1029D4005A607B681B6A9A1C7B681A6208E07B68F1
:1029E4001B6A591C7A6811621A787B681B685A60E2
:1029F4007B68DB8C9BB2013B9BB27A681946D1841D
:102A0400002B0FD17B681B68DA687B681B6822F097
:102A14008002DA607B681B68DA687B681B6842F0B6
:102A24004002DA60002300E0022318461437BD4652
:102A340080BC704780B582B000AF78607B681B684B
:102A4400DA687B681B6822F04002DA607B68202227
:102A540083F841207868FFF7A9FE00231846083759
:102A6400BD4680BD80B58CB000AF78607B6893F8BC
:102A74004230DBB2222B40F0AE807B689B68B3F51A
:102A8400805F17D17B681B69002B13D10023FB6285
:102A94007B689B6ABB627B681B685B689BB2C3F301
:102AA40008039AB2BB6A1A807B689B6A9A1C7B688B
:102AB4009A6226E07B689B6AFB620023BB627B68A8
:102AC4009B68B3F5805F07D07B689B68002B0AD1B5
:102AD4007B681B69002B06D17B681B685B68DAB2D4
:102AE400FB6A1A7008E07B681B685B68DBB203F062
:102AF4007F03DAB2FB6A1A707B689B6A5A1C7B6894
:102B04009A627B68DB8D9BB2013B9BB27A68194663
:102B1400D185002B5DD17B681B68DA687B681B68F4
:102B240022F02002DA607B681B68DA687B681B6825
:102B340022F48072DA607B681B685A697B681B68C0
:102B440022F001025A617B68202283F842207B68CC
:102B540000225A637B681B6B012B35D17B680022F2
:102B64001A637B681B680C337B617B6953E8003F05
:102B74003B613B6923F010037B627B681B680C3369
:102B84007A6A3A62FB61F9693A6A41E80023BB61F7
:102B9400BB69002BE5D17B681B681B6803F010033D
:102BA400102B0AD10023FB607B681B681B68FB6049
:102BB4007B681B685B68FB60FB687B689B8D1946C0
:102BC4007868FFF70EFE02E07868FFF7F8FD00234F
:102BD40002E0002300E0022318463037BD4680BDE2
:102BE40080B584B000AF78607B681B681B6923F4F0
:102BF40040517B68DA687B681B680A431A617B680A
:102C04009A687B681B691A437B685B691343BB60E2
:102C14007B681B68DB6823F4B05323F00C037A68E9
:102C24001268B9680B43D3607B681B685B6923F443
:102C340040717B689A697B681B680A435A617B68A8
:102C44001B682C4A934203D1FEF7B2F8F86002E005
:102C5400FEF79AF8F860FA6813469B0013449A004A
:102C64001A447B685B689B00B2FBF3F3224AA2FB25
:102C740003235B091901FA6813469B0013449A0065
:102C84001A447B685B689B00B2FBF3F21A4BA3FB0C
:102C940002035B09642000FB03F3D31A1B013233E4
:102CA400154AA2FB03235B0903F0F0031944FA68F5
:102CB40013469B0013449A001A447B685B689B008C
:102CC400B2FBF3F20C4BA3FB02035B09642000FB91
:102CD40003F3D31A1B013233074AA2FB03235B0914
:102CE40003F00F027B681B680A449A6000BF103728
:102CF400BD4680BD003801401F85EB51B0B5A6B07C
:102D040002AFFDF7D3FB00F0D1F800F035F900F085
:102D14007FF900F0BDF900F0B7FC0346002B17D093
:102D24005B4B07F16C04186859689A68DB680FC438
:102D3400D7F87230B7F876201146184600F0C4FC74
:102D44000346002B04D1D7F87230184600F0ECFC8F
:102D5400002387F88F30002387F88E3001214D48F7
:102D6400FDF788FB034645F2AA52934207D100229D
:102D740001214848FDF764FB012387F88F3000F0F8
:102D84006FFC0346002B02D1012387F88E3097F89D
:102D94008F30012B03D097F88E30012B52D100F0E5
:102DA400F7FA00F071FC0346002B4BD0384B07F1C7
:102DB4005C04186859689A68DB680FC4D7F86230F5
:102DC400B7F866201146184600F07EFC0346002B37
:102DD40038D1D7F86230184600F0A6FC0346002B21
:102DE40030D1B7F860301C46D7F86230B7F86620A7
:102DF400114607F15C0238460191009323462649A7
:102E040000F05AFDC7F88800D7F888309AB23946DE
:102E14004FF47A732148FFF715F90220FDF7C6FB3A
:102E24001F4B07F140041D460FCD0FC495E8070062
:102E340084E8070007F140014FF47A731B22174816
:102E4400FFF700F900F00CFC0346002B19D0154BDA
:102E54001B68C7F88430D7F88430C7F880300F482F
:102E6400FFF7BEF8FDF738FB72B600BF0E4B1B68C8
:102E7400FB67FB6F83F3088800BFD7F8803098475F
:102E840004E04FF4FA70FDF791FBFAE7FEE700BFA8
:102E940000F80708A000002044420008B400002005
:102EA40084420008048000080080000880B596B0C1
:102EB40000AF07F1300328220021184600F01EFD60
:102EC40007F11C0300221A605A609A60DA601A61E2
:102ED4003B1D00221A605A609A60DA601A615A61D6
:102EE40009233B634FF480337B630023BB630123DB
:102EF4003B640123BB640223FB644FF480333B65D2
:102F04004FF4E0137B6507F130031846FDF772FBBD
:102F14000346002B01D000F028F80F23FB610223A5
:102F24003B6200237B624FF48063BB620023FB623D
:102F340007F11C0302211846FDF7DEFD0346002BB2
:102F440001D000F012F801237B604FF40073BB60E2
:102F54003B1D1846FDF75EFF0346002B01D000F031
:102F640004F800BF5837BD4680BD80B400AF72B6C8
:102F740000BF00BFFDE7000080B588B000AF07F1D7
:102F8400100300221A605A609A60DA601E4B9B6933
:102F94001D4A43F0200393611B4B9B6903F02003FC
:102FA400FB60FB68184B9B69174A43F00803936165
:102FB400154B9B6903F00803BB60BB68124B9B690C
:102FC400114A43F0040393610F4B9B6903F004031C
:102FD4007B607B6801224FF440510C48FEF708FBEC
:102FE4004FF440533B6101237B610023BB61022307
:102FF400FB6107F1100319460448FEF799F800BF76
:103004002037BD4680BD00BF00100240000C0140C7
:1030140080B500AF0A4B0B4A1A60094B4FF0FF32E0
:103024005A60074B4FF480729A600548FDF7FEF82A
:103034000346002B01D0FFF798FF00BF80BD00BFFF
:10304400A00000200028004080B584B000AF786064
:103054007B681B680B4A934210D1FEF765FD0A4B4F
:10306400DB69094A43F00063D361074BDB6903F072
:103074000063FB60FB68054B01221A6000BF103738
:10308400BD4680BD00280040001002403C0442427E
:1030940080B500AF114B124A1A60104B4FF4E13265
:1030A4005A600E4B00229A600C4B0022DA600B4BE4
:1030B40000221A61094B0C225A61084B00229A61C2
:1030C400064B0022DA610548FEF73AFF0346002B5F
:1030D40001D0FFF74AFF00BF80BD00BFB40000204D
:1030E4000048004080B588B000AF786007F1100355
:1030F40000221A605A609A60DA607B681B68204A72
:10310400934239D11F4BDB691E4A43F48023D361B8
:103114001C4BDB6903F48023FB60FB68194B9B6940
:10312400184A43F008039361164B9B6903F00803A4
:10313400BB60BB684FF480633B6102237B61032364
:10314400FB6107F1100319460F48FDF7F1FF4FF437
:1031540000633B6100237B610023BB6107F1100323
:1031640019460948FDF7E4FF002200212720FEF755
:1031740096FC2720FEF7AFFC00BF2037BD4680BD7C
:103184000048004000100240000C014080B582B0AD
:1031940000AF78607B681B680A4A93420DD10A4BE2
:1031A400DB69094A23F48023D3614FF44061074863
:1031B400FEF752F92720FEF79CFC00BF0837BD46F6
:1031C40080BD00BF0048004000100240000C0140D8
:1031D40080B400AF00BFFDE780B400AF00BFFDE7DF
:1031E40080B400AF00BFFDE780B400AF00BFFDE7CF
:1031F40080B400AF00BFFDE780B400AF00BFBD46A0
:1032040080BC704780B400AF00BFBD4680BC70472F
:1032140080B400AF00BFBD4680BC704780B500AF2E
:10322400FDF7A8F900BF80BD80B500AF0248FFF7E5
:103234002BF800BF80BD00BFB400002080B485B06F
:1032440000AF154B9B69144A43F001039361124B81
:103254009B6903F00103BB60BB680F4BDB690E4A3B
:1032640043F08053D3610C4BDB6903F080537B60E4
:103274007B680A4B5B68FB60FB6823F0E063FB60E0
:10328400FB6843F00073FB60044AFB68536000BFB3
:103294001437BD4680BC7047001002400000014056
:1032A40080B586B000AF7860144A154BD31A7B61A1
:1032B4007B693B61134B1B68002B02D1114B124AF3
:1032C4001A60104B1A687B6813443A699A4207D211
:1032D40000F01CFB03460C221A604FF0FF3309E098
:1032E400084B1B68FB60074B1A687B681344054A4C
:1032F4001360FB6818461837BD4680BD00000120E6
:1033040000040000FC00002048020020FCF788FFB5
:103314000B480C490C4A002302E0D458C45004332F
:10332400C4188C42F9D3094A094C002301E0136004
:103334000432A242FBD300F0EFFAFFF7DFFC704740
:10334400000000205C000020D84300085C0000203E
:1033540048020020FEE7000080B586B000AFFEF70B
:103364005FFC00237B600023BB60084B3B61782338
:103374007B613A1D07F1080311461846FEF738FD34
:10338400FEF774FC00BF1837BD4680BD004004083A
:103394002DE9B04FBCB000AFA84BC7F8EC30002308
:1033A40087F8EB300023C7F8E030A54B07F1A804F9
:1033B4001D460FCD0FC495E80F0007C423800234C7
:1033C4001B0C237007F1A8014FF47A731E229D4849
:1033D400FEF738FEFFF7C0FF9B4B07F184041D4640
:1033E4000FCD0FC40FCD0FC42B68238007F18401C8
:1033F4004FF47A7321229348FEF724FE07F1C801A3
:103404004FF0FF3310228F48FEF7A7FED7F8C830DD
:103414008E4A934208D1D7F8CE30002B04D0D7F887
:10342400CE30B3F56E3F16D9894B07F10C041D4617
:103434000FCD0FC40FCD0FC495E8070003C422704D
:1034440007F10C014FF47A7328227E48FEF7FAFD47
:103454004FF0FF33ECE0FEF7E3FBFDF79DF8C7F810
:10346400E40064E0774B1B681B6803F02003202B07
:103474003BD1744B1B685A6897F8EB30591C87F89A
:10348400EB10D2B2E83307F108010B4403F8182C0F
:10349400D7F8E0300133C7F8E030FDF77DF8C7F81E
:1034A400E40097F8EB30022B1FD197F8D8301AB20A
:1034B40097F8D9301BB21B021BB213431BB2A7F8F7
:1034C400DA30B7F8DA3000223B607A60D7E90023BB
:1034D400D7F8EC100120FEF733FBD7F8EC300233B9
:1034E400C7F8EC30002387F8EB30FDF755F80246B7
:1034F400D7F8E430D31A41F28832934217D9FEF751
:10350400B5FB544B07F150041D460FCD0FC495E88D
:10351400030020600434218007F150014FF47A73D2
:1035240015224848FEF78EFD4FF0FF3380E0D7F8B0
:10353400CE30D7F8E0209A4294D397F8EB30002BA2
:103544000DD097F8D83043F47F43DA179A46934660
:1035540052465B46D7F8EC100120FEF7F1FAFEF76D
:1035640085FBD7F8CE30B7F8D2201146184600F0C4
:10357400ABF80346002B18D0374B07F138041D462F
:103584000FCD0FC495E80300206004342180023479
:103594000B0C237007F138014FF47A731622294873
:1035A400FEF750FD4FF0FF3342E0FEF739FB0023F6
:1035B400C7F8DC3023E0D7F8DC3003F1007303F5FF
:1035C400FF339B001946D7F8DC309B0007F1C80293
:1035D40013441B6800229846914642464B460220FB
:1035E400FEF7AEFA0346002B04D0FEF73FFB4FF084
:1035F400FF331DE0D7F8DC300133C7F8DC30D7F8EF
:10360400DC30032BD7DDFEF731FB144B07F16804E4
:103614001D460FCD0FC495E8070084E8070007F1A5
:1036240068014FF47A731B220648FEF70BFD012351
:103634001846F037BD46BDE8B08F00BF004004080F
:10364400A0420008B4000020C04200084A4A535473
:10365400E4420008104300082843000840430008DF
:1036640080B400AF064B1A68064B1340B3F1005FF9
:103674000CBF01230023DBB21846BD4680BC704753
:10368400008000080000FE2F80B400AF0A4B1A68C7
:103694000A4B1340B3F1005F01D0002307E0084B4D
:1036A4001B68084A934201D0002300E00123184616
:1036B400BD4680BC704700BF004004080000FE2FD8
:1036C40000F807084A4A535480B584B000AF7860C4
:1036D4000B467B804FF46E33FB607B68002B03D07A
:1036E4007A68FB689A4201D9022315E00C4B1A68E8
:1036F4000C4B1340B3F1005F01D006230CE0796852
:10370400074800F099F803467B817A897B889A42BE
:1037140001D0032300E0002318461037BD4680BDC6
:10372400004004080000FE2FB0B58CB000AF7860F4
:1037340007F10C0300221A605A609A60DA600023D1
:10374400BB604FF46E33BB627B68002B03D07A6896
:10375400BB6A9A4201D9BB6A00E07B687B627B6AE0
:1037640003F2FF73DB0A3B620023FB60304B7B6197
:103774003B6ABB61FEF754FA07F1080207F10C0338
:1037840011461846FEF734FB0346002B03D0FEF720
:103794006DFA042348E00023FB622BE0FB6A03F18B
:1037A400006303F588231B68FB61FB6A03F1006176
:1037B40001F50041FB6900221C46154622462B46B2
:1037C4000220FEF7BDF90346002B03D0FEF74EFAA4
:1037D400052329E0FB6A03F1006303F500431B683A
:1037E400FA699A4203D0FEF741FA06231CE0FB6A09
:1037F4000433FB62FA6A7B6A9A42CFD30D4B7B6136
:103804000123BB6107F1080207F10C0311461846B6
:10381400FEF7EEFA0346002B03D0FEF727FA042343
:1038240002E0FEF723FA002318463037BD46B0BD48
:103834000080000800F8070880B487B000AF786003
:1038440039604FF6FF73FB824AF201037B81002348
:103854007B7200233B6125E07A683B6913441B7843
:103864007B727B7A9AB2FB8A5340FB820023FB6013
:1038740012E0FB8A03F00103002B07D0FB8A5B08EC
:10388400FB82FA8A7B895340FB8202E0FB8A5B0855
:10389400FB82FB680133FB60FB68072BE9DD3B69B6
:1038A40001333B613A693B689A42D5D3FB8A184697
:1038B4001C37BD4680BC70470EB46FF0004110B594
:1038C40000249DB01FAB0290069007910491094813
:1038D400094953F8042B0591006802A901931B942C
:1038E40000F096F9029B1C701DB0BDE8104003B0B7
:1038F400704700BF0C0000200802FFFF034602448B
:10390400934200D1704703F8011BF9E7014B186893
:10391400704700BF0C00002070B500260C4D0D4B05
:103924005B1B9C10A64209D1002600F07DFC0A4DC9
:103934000A4B5B1B9C10A64205D170BD55F8043B95
:1039440098470136EEE755F8043B98470136F2E70D
:10395400D0430008D0430008D0430008D4430008F3
:103964007047704738B50546002940D051F8043CEB
:103974000C1F002BB8BFE41800F0DEF81C4A1368D3
:1039840033B9636014602846BDE8384000F0DAB803
:10399400A34208D9206821188B4201BF19685B68CB
:1039A40009182160EDE71A465B680BB1A342FAD906
:1039B40011685018A0420BD120680144501883426A
:1039C4001160E0D118685B68084410605360DAE75E
:1039D40002D90C232B60D6E7206821188B4201BF43
:1039E40019685B680918216063605460CBE738BDCF
:1039F4004402002070B50F4E0C463168054611B9DB
:103A040000F0B0FB30602146284600F0ABFB431CBD
:103A140003D14FF0FF34204670BDC41C24F00304CE
:103A2400A042F8D0211A284600F09CFB0130F2D1C4
:103A3400EFE700BF400200202DE9F843CD1C25F03C
:103A4400030508350C2D38BF0C25002D064601DB77
:103A5400A94204D90C2333600020BDE8F883DFF8C1
:103A6400D48000F069F8D8F800301C4644BB2946DD
:103A74003046FFF7BFFF431C044658D1D8F8004036
:103A84002746002F43D1002C4BD0236839463046BB
:103A940004EB030900F066FB814542D121683046FE
:103AA4006D1A2946FFF7A6FF01303AD023682B444C
:103AB4002360D8F800305A6862BBC8F800700FE081
:103AC4002268521B20D40B2A17D96119A3422560FE
:103AD40018BF5960636808BFC8F8001062514B6092
:103AE400304600F02FF804F10B00231D20F00700EE
:103AF400C21A1CBF1B1AA350AFE76268A3420CBFD3
:103B0400C8F800205A60EBE723466468AEE73C46F9
:103B14007F68B6E71A465B68A342FBD10023536073
:103B2400DEE70C233046336000F00CF894E70560C0
:103B3400D6E700BF440200200148FFF711BF00BFD1
:103B44003C0200200148FFF70CBF00BF3C020020EC
:103B54002DE9F0471F468E688246BE420C469046C9
:103B6400334653D8B1F90C0010F4906F2BD065692B
:103B74002368096905EB4505A3EB010905EBD57538
:103B84007B1C6D104B44AB422A4684BF1D462A461B
:103B9400430527D511465046FFF74EFF064658B356
:103BA4004A46216900F0FCFAA38923F4906343F0A8
:103BB4008003A38126614E4426603B463E466561F0
:103BC400A5EB0905A5601F463A464146206800F06A
:103BD400AFFA0020A3689B1BA36023683B442360C7
:103BE400BDE8F087504600F0E9FA06460028E1D126
:103BF40050462169FFF7B6FE0C23CAF80030A389AA
:103C04004FF0FF3043F04003A381E9E73E46DBE792
:103C14002DE9F0471F468B8906461B060D461446C0
:103C24009CB010D50B6973B94021FFF705FF2860DC
:103C3400286130B90C2333604FF0FF301CB0BDE86D
:103C4400F08740236B610023099320238DF82930EA
:103C540030234FF001080397644F8DF82A30234630
:103C6400994613F8012B0AB1252AF9D1B9EB040AB4
:103C74000BD05346224629463046FFF769FF0130F0
:103C840000F0A480099A5244099299F80030002B5C
:103C940000F09C8000234FF0FF32CDE9052309F1A9
:103CA4000109049307938DF853301A934C46052267
:103CB40014F8011B4D4800F065FA049BD0B9D806EE
:103CC40044BF20228DF85320190744BF2B228DF8BE
:103CD400532099F800202A2A13D04C4600204FF094
:103CE4000A0C079A214611F8013B303B092B49D9AC
:103CF40068B913E0C01B08FA00F01843A146049009
:103D0400D4E7039A111D12680391002A01DB07927C
:103D140004E0524243F002030792049323782E2BCB
:103D24000AD163782A2B32D1039B02341A1D1B68F3
:103D3400039243EAE3730593DFF8B4900322484601
:103D4400217800F01FFA38B14022049BA0EB09004F
:103D5400824013430134049314F8011B06222548BE
:103D64008DF8281000F00EFA002835D0224818BB30
:103D7400039B073323F0070308330393099B03448E
:103D840009936CE70C4601200CFB0232AAE70023DE
:103D94004FF00A0C194601340593204610F8012B04
:103DA400303A092A03D9002BC6D00591C4E704464A
:103DB40001230CFB0121F0E703AB00932A463046B4
:103DC4000E4B04A9AFF30080421CD7D1AB895B062C
:103DD4003FF532AF099831E703AB00932A463046EA
:103DE400064B04A900F07EF8EEE700BF9A430008F2
:103DF400A0430008A443000800000000553B00084D
:103E04002DE9F047164698468A680B69074693429F
:103E1400B8BF1346336091F843200C46DDF8209078
:103E24000AB1013333602368990642BF3368023311
:103E34003360256815F0060506D104F1190AE36814
:103E440032689B1AAB422BDC94F843302268003B67
:103E540018BF0123920630D44146384604F1430288
:103E6400C847013023D02368226903F00603042BDA
:103E740014BF002533684FF0000608BFE56804F15D
:103E84001A0408BFED1A54F8123C08BF25EAE57578
:103E94009342C4BF9B1AED18B5421AD1002008E022
:103EA4000123524641463846C847013003D14FF0FA
:103EB400FF30BDE8F0870135C1E73020E11881F813
:103EC40043005A1C94F845102244023382F84310EC
:103ED400C2E70123224641463846C8470130E6D0AE
:103EE4000136D9E72DE9F0430D7E85B0782D904653
:103EF40007460C4699460C9E01F1430207D8622DF1
:103F04000AD8002D00F0D780582D00F0BC8004F1B1
:103F1400420684F842503BE0A5F16303152BF6D822
:103F240001A151F823F000BF853F0008993F000824
:103F3400133F0008133F0008133F0008133F000815
:103F4400993F0008133F0008133F0008133F00087F
:103F5400133F0008A1400008C33F00085340000875
:103F6400133F0008133F0008C3400008133F000834
:103F7400C33F0008133F0008133F00085B400008DC
:103F840033681A1D1B68326004F1420684F842301B
:103F94000123A1E033682068191D3160060601D5AC
:103FA4001D6803E04506FBD5B3F90050002D03DA84
:103FB4002D236D4284F843300A235B4811E02168C5
:103FC4003368080653F8045B02D4490648BFADB20F
:103FD4003360237E54486F2B5CD10823002184F87E
:103FE40043106668002EA66005DB21682E4321F08D
:103FF4000401216050D01646B5FBF3F103FB115CBC
:1040040010F80CC006F801CDAC4663450D46F3D953
:10401400082B0BD12368DB0708D523696168994213
:10402400DEBF302306F8013C06F1FF36921B226105
:10403400434621463846CDF8009003AAFFF7E0FE38
:1040440001304ED14FF0FF3005B0BDE8F083236856
:1040540043F0200323607825344884F845502368CE
:10406400316813F0800F51F8045B03D113F0400F53
:1040740018BFADB23160D90744BF43F020032360B9
:104084001DB11023AAE72848E7E7236823F020039B
:104094002360F6E70A23A1E71646B9E733682568E3
:1040A400181D616930602E061B6801D5196002E095
:1040B4006806FBD51980002316462361B8E73368E8
:1040C40000211A1D32601E686268304600F05AF8FA
:1040D40008B1801B606063682361002384F8433067
:1040E400A6E73246414638462369C8470130A9D07D
:1040F40023689B0713D4E068039B9842B8BF184613
:10410400A2E70123324641463846C847013099D0D8
:104114000135E36803995B1AAB42F2DCEBE7002557
:1041240004F11906F5E700BFAB430008BC430008DF
:10413400884210B501EB020402D98442234607D811
:10414400431EA14207D011F8012B03F8012FF8E711
:104154000244824200D110BD13F8011D02F8011D72
:10416400F7E7000038B50023054D044608462B60E8
:10417400FFF796F8431C02D12B6803B1236038BDC6
:1041840038020020034610B5C9B2024493421846CF
:1041940001D1002003E0047801338C42F6D110BD34
:1041A4000A44914200F1FF3300D1704710B511F871
:1041B400014B914203F8014FF9D110BD2DE9F041B3
:1041C400074614460D4621B91146BDE8F041FFF7F4
:1041D40033BC2AB9FFF7C6FB25462846BDE8F08163
:1041E40000F01AF88442064602D8B4EB500FF4D813
:1041F40021463846FFF720FC804608B94546ECE7DF
:10420400B4422246294628BF3246FFF7C9FF294651
:104214003846FFF7A7FBF1E751F8043C181F002BC1
:10422400BCBF0B58C0187047F8B500BFF8BC08BC39
:104234009E467047F8B500BFF8BC08BC9E46704760
:104244000D0A5B4F5441204F4B5D20436F2E2C4C85
:1042540074643A252E3473207C205665723A307883
:1042640025303458207C2053697A653A256C7520B2
:104274007C204352433A3078253034580D0A0000EC
:104284000D0A4F5441205375636365737321204AAB
:10429400756D70696E672E2E2E0D0A000D0A45721B
:1042A4006173696E6720466C6173682E2E2E2057E9
:1042B40061697420312D32730D0A00000D0A5245D4
:1042C4004144592120436C69636B202753656E6414
:1042D4002046696C6527204E4F57210D0A000000C7
:1042E4000D0A4241442048454144455221204E652F
:1042F4006564207061636B656420757067726164C6
:10430400652E62696E210D0A000000000D0A5449F1
:104314004D454F5554212052657472792E2E2E0D21
:104324000A0000000D0A435243204641494C212013
:1043340052657472792E2E2E0D0A00000D0A446FF8
:10434400776E6C6F6164204F4B2C20436F707969DA
:104354006E672E2E2E0D0A000000000000000000E3
:104364000102030406070809000000000102030417
:1043740002030405060708090A0B0C0D0E0F1010A2
:104384000102000002030405060708090A0B0C0DCC
:104394000E0F10100102232D302B2000686C4C00EE
:1043A4006566674546470030313233343536373831
:1043B400394142434445460030313233343536378F
:0C43C40038396162636465660000000027
:0443D00009020008D6
:0443D400E5010008F7
:1043D80000127A0010000000010000001000002008
:1043E800000000000001002068010020D00100202A
:1043F80000000000000000000000000000000000B5
:1044080000000000000000000000000000000000A4
:104418000000000000000000000000000000000094
:0C44280000000000000000000000000088
:0400000508003311AB
:020000040800F2
:108000000000012025BA000805B900080DB90008D4
:1080100015B900081DB9000825B9000800000000C6
:108020000000000000000000000000002DB9000862
:1080300039B900080000000045B9000851B900082E
:108040006DBA00086DBA00086DBA00086DBA000874
:108050006DBA00086DBA00086DBA00086DBA000864
:108060006DBA00086DBA00086DBA00086DBA000854
:108070005DB900086DBA00086DBA00086DBA000855
:108080006DBA000871B900086DBA00086DBA000831
:108090006DBA00086DBA00086DBA00086DBA000824
:1080A0006DBA00086DBA00086DBA00086DBA000814
:1080B00085B900086DBA00086DBA00086DBA0008ED
:1080C0006DBA00086DBA00086DBA00086DBA0008F4
:1080D0006DBA00086DBA000899B90008ADB900087A
:1080E0006DBA00086DBA00086DBA00086DBA0008D4
:1080F0006DBA00086DBA00086DBA00086DBA0008C4
:108100006DBA00086DBA00086DBA00086DBA0008B3
:108110006DBA00086DBA00086DBA00086DBA0008A3
:108120006DBA00086DBA00086DBA00086DBA000893
:10813000000000000000000000000000000000003F
:10814000000000000000000000000000000000002F
:10815000000000000000000000000000000000001F
:10816000000000000000000000000000000000000F
:1081700000000000000000000000000000000000FF
:1081800000000000000000000000000000000000EF
:1081900000000000000000000000000000000000DF
:1081A00000000000000000000000000000000000CF
:1081B00000000000000000000000000000000000BF
:1081C00000000000000000000000000000000000AF
:1081D000000000000000000000000000000000009F
:0481E0005FF8E0F173
:1081E40010B5054C237833B9044B13B10448AFF3ED
:1081F40000800123237010BD0C000020000000004B
:1082040034C9000808B5034B1BB103490348AFF355
:10821400008008BD000000001000002034C90008E0
:1082240010F8012B11F8013B012A28BF9A42F7D01C
:10823400D01A704780B400AF034B044A9A6000BF61
:10824400BD4680BC704700BF00ED00E00080000820
:1082540080B584B000AF78607B68002B01D1012326
:1082640036E07B681B684CF6CC421A607B681B685E
:1082740045F255521A607B681B687A6852685A60E6
:108284007B681B687A6892689A6000F08DF8F860E1
:1082940011E000F089F80246FB68D31A41F23C323F
:1082A400934208D97B681B68DB6803F00303002B47
:1082B40001D003230CE07B681B68DB6803F0030335
:1082C400002BE6D17B681B684AF6AA221A600023B9
:1082D40018461037BD4680BD80B483B000AF7860C7
:1082E4007B681B684AF6AA221A60002318460C37DA
:1082F400BD4680BC7047000080B500AF084B1B68CA
:10830400074A43F010031360032001F0DBFB0F2046
:1083140000F008F803F052FB0023184680BD00BFAC
:108324000020024080B582B000AF7860124B1A681A
:10833400124B1B7819464FF47A73B3FBF1F3B2FB7B
:10834400F3F3184601F001FC0346002B01D001238E
:108354000EE07B680F2B0AD8002279684FF0FF30BB
:1083640001F0BBFB064A7B681360002300E0012395
:1083740018460837BD4680BD0000002008000020D4
:108384000400002080B400AF054B1B781A46054B4F
:108394001B681344034A136000BFBD4680BC70478A
:1083A400080000202800002080B400AF024B1B68A6
:1083B4001846BD4680BC70472800002080B584B0B4
:1083C40000AF7860FFF7F0FFB8607B68FB60FB6884
:1083D400B3F1FF3F05D00A4B1B781A46FB681344E0
:1083E400FB6000BFFFF7E0FF0246BB68D31AFA68E0
:1083F4009A42F7D800BF00BF1037BD4680BD00BF0A
:108404000800002080B586B000AF78607B68002B40
:1084140001D1012372E27B681B6803F00103002B86
:1084240000F08780924B5B6803F00C03042B0CD0A4
:108434008F4B5B6803F00C03082B12D18C4B5B68E9
:1084440003F48033B3F5803F0BD1894B1B6803F4ED
:108454000033002B6CD07B685B68002B68D1012350
:108464004CE27B685B68B3F5803F06D1804B1B68A8
:108474007F4A43F4803313602EE07B685B68002BF3
:108484000CD17B4B1B687A4A23F480331360784BFE
:108494001B68774A23F4802313601DE07B685B68C4
:1084A400B3F5A02F0CD1724B1B68714A43F480239F
:1084B40013606F4B1B686E4A43F4803313600BE008
:1084C4006B4B1B686A4A23F480331360684B1B6848
:1084D400674A23F4802313607B685B68002B13D006
:1084E400FFF762FF386108E0FFF75EFF02463B6971
:1084F400D31A642B01D9032300E25D4B1B6803F4F8
:108504000033002BF0D014E0FFF74EFF386108E091
:10851400FFF74AFF02463B69D31A642B01D90323B0
:10852400ECE1534B1B6803F40033002BF0D100E063
:1085340000BF7B681B6803F00203002B63D04C4B25
:108544005B6803F00C03002B0BD0494B5B6803F012
:108554000C03082B1CD1464B5B6803F48033002BBF
:1085640016D1434B1B6803F00203002B05D07B6834
:108574001B69012B01D00123C0E13D4B1B6823F093
:10858400F8027B685B69DB00394913430B603AE00E
:108594007B681B69002B20D0364B01221A60FFF741
:1085A40003FF386108E0FFF7FFFE02463B69D31A78
:1085B400022B01D90323A1E12D4B1B6803F0020315
:1085C400002BF0D02A4B1B6823F0F8027B685B6910
:1085D400DB00274913430B6015E0264B00221A6089
:1085E400FFF7E2FE386108E0FFF7DEFE02463B6972
:1085F400D31A022B01D9032380E11D4B1B6803F01E
:108604000203002BF0D17B681B6803F00803002BE6
:108614003AD07B689B69002B19D0174B01221A6052
:10862400FFF7C2FE386108E0FFF7BEFE02463B6971
:10863400D31A022B01D9032360E10D4B5B6A03F0CB
:108644000203002BF0D0012000F0CEFA1CE00A4B0C
:1086540000221A60FFF7A8FE38610FE0FFF7A4FEBE
:1086640002463B69D31A022B08D9032346E100BF13
:10867400001002400000424280044242924B5B6A76
:1086840003F00203002BE9D17B681B6803F00403A9
:10869400002B00F0A6800023FB758B4BDB6903F0F5
:1086A4008053002B0DD1884BDB69874A43F08053FC
:1086B400D361854BDB6903F08053BB60BB68012346
:1086C400FB75824B1B6803F48073002B18D17F4B1E
:1086D4001B687E4A43F480731360FFF765FE3861BC
:1086E40008E0FFF761FE02463B69D31A642B01D907
:1086F400032303E1754B1B6803F48073002BF0D054
:108704007B68DB68012B06D16F4B1B6A6E4A43F012
:10871400010313622DE07B68DB68002B0CD16A4BEC
:108724001B6A694A23F001031362674B1B6A664A9A
:1087340023F0040313621CE07B68DB68052B0CD177
:10874400614B1B6A604A43F0040313625E4B1B6A6D
:108754005D4A43F0010313620BE05B4B1B6A5A4A08
:1087640023F001031362584B1B6A574A23F0040396
:1087740013627B68DB68002B15D0FFF715FE3861A8
:108784000AE0FFF711FE02463B69D31A41F2883230
:10879400934201D90323B1E04B4B1B6A03F002035C
:1087A400002BEED014E0FFF7FFFD38610AE0FFF77D
:1087B400FBFD02463B69D31A41F28832934201D948
:1087C40003239BE0404B1B6A03F00203002BEED112
:1087D400FB7D012B05D13C4BDB693B4A23F08053E5
:1087E400D3617B68DB69002B00F08780364B5B68C4
:1087F40003F00C03082B61D07B68DB69022B46D1A4
:10880400334B00221A60FFF7CFFD386108E0FFF711
:10881400CBFD02463B69D31A022B01D903236DE039
:10882400294B1B6803F00073002BF0D17B681B6A93
:10883400B3F5803F08D1244B5B6823F400327B6896
:108844009B68214913434B601F4B5B6823F47412EC
:108854007B68196A7B685B6A0B431B4913434B6053
:108864001B4B01221A60FFF79FFD386108E0FFF7F8
:108874009BFD02463B69D31A022B01D903233DE039
:10888400114B1B6803F00073002BF0D035E0104B44
:1088940000221A60FFF788FD386108E0FFF784FDC5
:1088A40002463B69D31A022B01D9032326E0064B67
:1088B4001B6803F00073002BF0D11EE07B68DB69BA
:1088C400012B07D1012319E0001002400070004081
:1088D400600042420B4B5B68FB60FB6803F4803230
:1088E4007B681B6A9A4206D1FB6803F470127B68AA
:1088F4005B6A9A4201D0012300E00023184618372E
:10890400BD4680BD0010024080B584B000AF7860E1
:1089140039607B68002B01D10123D0E06A4B1B68CE
:1089240003F007033A689A4210D9674B1B6823F097
:10893400070265493B6813430B60634B1B6803F0F4
:1089440007033A689A4201D00123B8E07B681B68A8
:1089540003F00203002B20D07B681B6803F00403A0
:10896400002B05D0594B5B68584A43F4E0635360CD
:108974007B681B6803F00803002B05D0534B5B682E
:10898400524A43F460535360504B5B6823F0F00247
:108994007B689B684D4913434B607B681B6803F0FD
:1089A4000103002B40D07B685B68012B07D1474B48
:1089B4001B6803F40033002B15D101237FE07B688F
:1089C4005B68022B07D1414B1B6803F00073002B3B
:1089D40009D1012373E03D4B1B6803F00203002B14
:1089E40001D101236BE0394B5B6823F003027B6800
:1089F4005B68364913434B60FFF7D6FCF8600AE026
:108A0400FFF7D2FC0246FB68D31A41F28832934244
:108A140001D9032353E02D4B5B6803F00C027B6800
:108A24005B689B009A42EBD1274B1B6803F007035A
:108A34003A689A4210D2244B1B6823F00702224959
:108A44003B6813430B60204B1B6803F007033A6831
:108A54009A4201D0012332E07B681B6803F00403CF
:108A6400002B08D0194B5B6823F4E0627B68DB6859
:108A7400164913434B607B681B6803F00803002B03
:108A840009D0124B5B6823F460527B681B69DB00DE
:108A94000E4913434B6000F021F802460B4B5B6810
:108AA4001B0903F00F030A49CB5C22FA03F3094ABA
:108AB4001360094B1B681846FFF734FC0023184663
:108AC4001037BD4680BD00BF0020024000100240A8
:108AD400BCC90008000000200400002080B487B056
:108AE40000AF0023FB600023BB6000237B610023F5
:108AF4007B6000233B611E4B5B68FB60FB6803F0FB
:108B04000C03042B02D0082B03D027E0194B3B6144
:108B140027E0FB689B0C03F00F03174AD35C7B60D0
:108B2400FB6803F48033002B10D0114B5B685B0CA3
:108B340003F00103114AD35CBB607B680D4A03FB5D
:108B440002F2BB68B2FBF3F37B6104E07B680C4A7E
:108B540002FB03F37B617B693B6102E0054B3B61F4
:108B640000BF3B6918461C37BD4680BC704700BF38
:108B74000010024000127A00D4C90008E4C90008B9
:108B840000093D0080B400AF024B1B681846BD4687
:108B940080BC70470000002080B500AFFFF7F2FFF3
:108BA4000246054B5B681B0A03F007030349CB5CD1
:108BB40022FA03F3184680BD00100240CCC9000815
:108BC40080B500AFFFF7DEFF0246054B5B68DB0AAA
:108BD40003F007030349CB5C22FA03F3184680BD74
:108BE40000100240CCC9000880B485B000AF7860A2
:108BF4000A4B1B680A4AA2FB03235B0A7A6802FB3E
:108C040003F3FB6000BFFB685A1EFA60002BF9D126
:108C140000BF00BF1437BD4680BC70470000002071
:108C2400D34D621080B48BB000AF786039600023FC
:108C34007B6200233B6279E101227B6A02FA03F33F
:108C4400FB613B681B68FA691340BB61BA69FB6945
:108C54009A4240F068813B685B68964A93425ED0D2
:108C6400944A934275D8944A934258D0924A934274
:108C74006FD8924A934252D0904A934269D8904A0C
:108C840093424CD08E4A934263D88E4A934246D044
:108C94008C4A93425DD8122B2AD8122B59D801A2A0
:108CA40052F823F0238D0008FD8C00080F8D000876
:108CB400518D0008578D0008578D0008578D000806
:108CC400578D0008578D0008578D0008578D0008F0
:108CD400578D0008578D0008578D0008578D0008E0
:108CE400578D0008578D0008058D0008198D000860
:108CF400754A934213D02CE03B68DB683B6229E061
:108D04003B68DB6804333B6224E03B68DB68083380
:108D14003B621FE03B68DB680C333B621AE03B6854
:108D24009B68002B02D104233B6213E03B689B68E1
:108D3400012B05D108233B627B68FA691A6109E0BB
:108D440008233B627B68FA695A6103E000233B62B3
:108D540000E000BFBB69FF2B01D87B6801E07B68A2
:108D640004337B61BB69FF2B02D87B6A9B0002E062
:108D74007B6A083B9B003B617B691A680F213B6956
:108D840001FA03F3DB431A40396A3B6901FA03F33E
:108D94001A437B691A603B685B6803F08053002BBD
:108DA40000F0C180494B9B69484A43F00103936139
:108DB400464B9B6903F00103BB60BB68444A7B6A72
:108DC4009B08023352F82330FB607B6A03F00303F1
:108DD4009B000F2202FA03F3DB43FA681340FB60A3
:108DE4007B683C4A93421FD07B683B4A934219D02C
:108DF4007B683A4A934213D07B68394A93420DD038
:108E04007B68384A934207D07B68374A934201D142
:108E140005230AE0062308E0042306E0032304E014
:108E2400022302E0012300E000237A6A02F0030235
:108E340092009340FA681343FB6025497B6A9B08C0
:108E44000233FA6841F823203B685B6803F480131B
:108E5400002B06D0254B9A682449BB6913438B60C9
:108E640006E0224B9A68BB69DB43204913408B60C0
:108E74003B685B6803F40013002B06D01B4BDA68D5
:108E84001A49BB691343CB6006E0184BDA68BB6927
:108E9400DB4316491340CB603B685B6803F4003343
:108EA400002B25D0114B5A681049BB6913434B6002
:108EB40025E000BF00003210000031100000221035
:108EC40000002110000012100000111000100240D8
:108ED4000000014000080140000C01400010014066
:108EE4000014014000180140001C0140000401402E
:108EF400154B5A68BB69DB43134913404B603B680D
:108F04005B6803F48033002B06D00F4B1A680E49BC
:108F1400BB6913430B6006E00B4B1A68BB69DB4368
:108F2400094913400B607B6A01337B623B681A6812
:108F34007B6A22FA03F3002B7FF47EAE00BF00BFEE
:108F44002C37BD4680BC70470004014080B485B016
:108F540000AF78600B467B807B689A687B881340FF
:108F6400002B02D00123FB7301E00023FB73FB7B86
:108F740018461437BD4680BC704780B483B000AF38
:108F840078600B467B8013467B707B78002B03D084
:108F94007A887B681A6103E07B881A047B681A610B
:108FA40000BF0C37BD4680BC704780B485B000AFAD
:108FB40078600B467B807B68DB68FB607A88FB68A3
:108FC40013401A04FB68D9437B880B401A437B681F
:108FD4001A6100BF1437BD4680BC704780B485B0A9
:108FE40000AF78600023FB607B68002B01D1012374
:108FF40059E07B681B681A462D4B9A420FD87B6850
:109004001B681A462B4B13442B4AA2FB03231B0950
:109014009A007B681A647B68284ADA630EE07B68EE
:109024001B681A46264B1344234AA2FB03231B093D
:109034009A007B681A647B68224ADA637B6802229E
:1090440083F821207B681B681B68FB60FB6823F4A2
:109054007F5323F03003FB607B685A687B689B680E
:109064001A437B68DB681A437B681B691A437B6875
:109074005B691A437B689B691A437B68DB6913430A
:10908400FA681343FB607B681B68FA681A607B68A4
:1090940000229A637B68012283F821207B680022E6
:1090A40083F82020002318461437BD4680BC70473F
:1090B40007040240F8FFFDBFCDCCCCCC0000024039
:1090C400F8FBFDBF0004024080B586B000AFF86035
:1090D400B9607A603B600023FB75FB6893F820302D
:1090E400012B01D102234BE0FB68012283F82020ED
:1090F400FB6893F82130DBB2012B3AD1FB680222E2
:1091040083F82120FB6800229A63FB681B681A68B5
:10911400FB681B6822F001021A603B687A68B96830
:10912400F86800F0B1FBFB68DB6A002B08D0FB6831
:109134001B681A68FB681B6842F00E021A600FE095
:10914400FB681B681A68FB681B6822F004021A603B
:10915400FB681B681A68FB681B6842F00A021A6005
:10916400FB681B681A68FB681B6842F001021A60FE
:1091740005E0FB68002283F820200223FB75FB7DB9
:1091840018461837BD4680BD80B485B000AF7860FE
:109194000023FB737B6893F82130DBB2022B08D0E9
:1091A4007B6804229A637B68002283F820200123D1
:1091B40020E07B681B681A687B681B6822F00E023B
:1091C4001A607B681B681A687B681B6822F00102BE
:1091D4001A607B681A6C7B68DB6B012101FA02F26E
:1091E4005A607B68012283F821207B68002283F87F
:1091F4002020FB7B18461437BD4680BC7047000016
:1092040080B584B000AF78600023FB737B6893F86B
:109214002130DBB2022B05D07B6804229A63012340
:10922400FB73D6E07B681B681A687B681B6822F0B6
:109234000E021A607B681B681A687B681B6822F040
:1092440001021A607B681B681A46644B9A4258D91B
:109254007B681B68624A93424FD07B681B68614AF3
:10926400934248D07B681B685F4A934240D07B6836
:109274001B685E4A934238D07B681B685C4A934201
:1092840030D07B681B685B4A934228D07B681B689C
:10929400524A934220D07B681B68574A934219D0A4
:1092A4007B681B68554A934212D07B681B68544AFA
:1092B40093420AD07B681B68524A934202D14FF40E
:1092C40080531BE04FF4803318E04FF4807315E0B3
:1092D400102313E0012311E04FF080730EE04FF4EC
:1092E40080130BE04FF4803308E04FF4805305E023
:1092F4004FF4807302E0102300E00123424A5360DC
:1093040057E07B681B68364A93424FD07B681B68E2
:10931400344A934248D07B681B68334A934240D016
:109324007B681B68314A934238D07B681B68304A9B
:10933400934230D07B681B682E4A934228D07B68C6
:109344001B68264A934220D07B681B682A4A9342B2
:1093540019D07B681B68294A934212D07B681B682A
:10936400274A93420AD07B681B68264A934202D15B
:109374004FF480531BE04FF4803318E04FF48073B4
:1093840015E0102313E0012311E04FF080730EE089
:109394004FF480130BE04FF4803308E04FF4805314
:1093A40005E04FF4807302E0102300E00123174A24
:1093B40053607B68012283F821207B68002283F8B4
:1093C40020207B685B6B002B03D07B685B6B786829
:1093D4009847FB7B18461037BD4680BD800002408D
:1093E400080002401C0002403000024044000240D9
:1093F400580002406C000240080402401C04024071
:1094040030040240440402400004024000000240D0
:1094140080B584B000AF78607B68DB6B1B68FB6051
:109424007B681B681B68BB607B681B6C04229A40CA
:10943400FB681340002B00F0F180BB6803F00403C9
:10944400002B00F0EB807B681B681B6803F0200393
:10945400002B07D17B681B681A687B681B6822F0A5
:1094640004021A607B681B681A465F4B9A4258D9FB
:109474007B681B685D4A93424FD07B681B685C4ADB
:10948400934248D07B681B685A4A934240D07B6819
:109494001B68594A934238D07B681B68574A9342E9
:1094A40030D07B681B68564A934228D07B681B687F
:1094B4004D4A934220D07B681B68524A934219D08C
:1094C4007B681B68504A934212D07B681B684F4AE2
:1094D40093420AD07B681B684D4A934202D14FF4F1
:1094E40080431BE04FF4802318E04FF4806315E0C1
:1094F400402313E0042311E04FF080630EE04FF4A7
:1095040080030BE04FF4802308E04FF4804305E030
:109514004FF4806302E0402300E004233D4A53609B
:1095240057E07B681B68314A93424FD07B681B68C5
:109534002F4A934248D07B681B682E4A934240D0FE
:109544007B681B682C4A934238D07B681B682B4A83
:10955400934230D07B681B68294A934228D07B68A9
:109564001B68214A934220D07B681B68254A93429A
:1095740019D07B681B68244A934212D07B681B680D
:10958400224A93420AD07B681B68214A934202D143
:109594004FF480431BE04FF4802318E04FF48063C2
:1095A40015E0402313E0042311E04FF080630EE044
:1095B4004FF480030BE04FF4802308E04FF4804322
:1095C40005E04FF4806302E0402300E00423124AE4
:1095D40053607B68DB6A002B00F036817B68DB6AB2
:1095E4007868984730E100BF8000024008000240DC
:1095F4001C00024030000240440002405800024077
:109604006C000240080402401C0402403004024082
:109614004404024000040240000002407B681B6CCA
:1096240002229A40FB681340002B00F0DD80BB68E7
:1096340003F00203002B00F0D7807B681B681B68D3
:1096440003F02003002B0BD17B681B681A687B682E
:109654001B6822F00A021A607B68012283F8212029
:109664007B681B681A467B4B9A4258D97B681B68F7
:10967400794A93424FD07B681B68784A934248D01A
:109684007B681B68764A934240D07B681B68754AA6
:10969400934238D07B681B68734A934230D07B680E
:1096A4001B68724A934228D07B681B68694A9342BC
:1096B40020D07B681B686E4A934219D07B681B6874
:1096C4006C4A934212D07B681B686B4A93420AD05F
:1096D4007B681B68694A934202D14FF400531BE034
:1096E4004FF4003318E04FF4007315E0202313E027
:1096F400022311E04FF000730EE04FF400130BE06F
:109704004FF4003308E04FF4005305E04FF40073C6
:1097140002E0202300E00223594A536057E07B68AB
:109724001B684D4A93424FD07B681B684B4A934257
:1097340048D07B681B684A4A934240D07B681B68C8
:10974400484A934238D07B681B68474A934230D0DA
:109754007B681B68454A934228D07B681B683D4A56
:10976400934220D07B681B68414A934219D07B689E
:109774001B68404A934212D07B681B683E4A93425E
:109784000AD07B681B683D4A934202D14FF40053D0
:109794001BE04FF4003318E04FF4007315E020236E
:1097A40013E0022311E04FF000730EE04FF40013B6
:1097B4000BE04FF4003308E04FF4005305E04FF49E
:1097C400007302E0202300E002232E4A53607B68EA
:1097D400002283F820207B689B6A002B34D07B68AE
:1097E4009B6A786898472FE07B681B6C08229A4034
:1097F400FB681340002B28D0BB6803F00803002B40
:1098040023D07B681B681A687B681B6822F00E02F1
:109814001A607B681A6C7B68DB6B012101FA02F227
:109824005A607B6801229A637B68012283F82120B5
:109834007B68002283F820207B681B6B002B04D0FC
:109844007B681B6B7868984700BF00BF1037BD4624
:1098540080BD00BF80000240080002401C0002409E
:109864003000024044000240580002406C000240B4
:10987400080402401C040240300402404404024034
:10988400000402400000024080B485B000AFF860DC
:10989400B9607A603B60FB681A6CFB68DB6B012182
:1098A40001FA02F25A60FB681B683A685A60FB6866
:1098B4005B68102B08D1FB681B687A689A60FB68A8
:1098C4001B68BA68DA6007E0FB681B68BA689A60CC
:1098D400FB681B687A68DA6000BF1437BD4680BC39
:1098E4007047000080B485B000AF78607B6803F0F7
:1098F4000703FB600C4BDB68BB60BA684FF6FF03E1
:109904001340BB60FB681A02BB68134343F0BF6398
:1099140043F40033BB60044ABB68D36000BF143710
:10992400BD4680BC704700BF00ED00E080B400AFCE
:10993400044BDB681B0A03F007031846BD4680BCD2
:10994400704700BF00ED00E080B483B000AF034671
:10995400FB7197F90730002B0BDBFB7903F01F0237
:10996400064997F907305B09012000FA02F241F831
:10997400232000BF0C37BD4680BC704700E100E0E7
:1099840080B483B000AF0346FB7197F90730002B16
:1099940012DBFB7903F01F020A4997F907305B09D0
:1099A400012000FA02F2203341F82320BFF34F8F45
:1099B40000BFBFF36F8F00BF00BF0C37BD4680BC34
:1099C400704700BF00E100E080B483B000AF0346FD
:1099D4003960FB7197F90730002B0ADB3B68DAB278
:1099E4000C4997F907301201D2B20B4483F80023D3
:1099F4000AE03B68DAB20849FB7903F00F03043B41
:109A04001201D2B20B441A7600BF0C37BD4680BC9B
:109A1400704700BF00E100E000ED00E080B489B0D1
:109A240000AFF860B9607A60FB6803F00703FB617C
:109A3400FB69C3F10703042B28BF0423BB61FB6943
:109A44000433062B02D9FB69033B00E000237B614E
:109A54004FF0FF32BB6902FA03F3DA43BB681A40E2
:109A64007B699A404FF0FF317B6901FA03F3D943D4
:109A74007B680B40134318462437BD4680BC7047AF
:109A840080B582B000AF78607B68013BB3F1807F22
:109A940001D301230FE00A4A7B68013B53600F2185
:109AA4004FF0FF30FFF790FF054B00229A60044B04
:109AB40007221A60002318460837BD4680BD00BF40
:109AC40010E000E080B582B000AF78607868FFF7FE
:109AD40009FF00BF0837BD4680BD80B586B000AF22
:109AE4000346B9607A60FB7300237B61FFF71EFFB6
:109AF40078617A68B9687869FFF790FF024697F948
:109B04000F3011461846FFF75FFF00BF1837BD46F8
:109B140080BD80B582B000AF0346FB7197F9073072
:109B24001846FFF711FF00BF0837BD4680BD80B55A
:109B340082B000AF0346FB7197F907301846FFF770
:109B44001FFF00BF0837BD4680BD80B582B000AF9F
:109B540078607868FFF794FF034618460837BD46D7
:109B640080BD000080B400AF034B01221A6000BF27
:109B7400BD4680BC704700BF20000E4280B582B055
:109B840000AF78607B68002B01D1012341E07B6842
:109B940093F83D30DBB2002B06D17B68002283F8BA
:109BA4003C20786801F048FD7B68022283F83D2060
:109BB4007B681A687B6804331946104600F06AFA19
:109BC4007B68012283F846207B68012283F83E20CB
:109BD4007B68012283F83F207B68012283F84020C0
:109BE4007B68012283F841207B68012283F84220AC
:109BF4007B68012283F843207B68012283F8442098
:109C04007B68012283F845207B68012283F83D208C
:109C1400002318460837BD4680BD000080B485B0D7
:109C240000AF78607B6893F83D30DBB2012B01D044
:109C3400012344E07B68022283F83D207B681B6893
:109C4400DA687B681B6842F00102DA607B681B6893
:109C54001D4A934218D07B681B681C4A934213D058
:109C64007B681B68B3F1804F0ED07B681B68184A71
:109C7400934209D07B681B68164A934204D07B68E0
:109C84001B68154A934211D17B681B689B6803F0DB
:109C94000703FB60FB68062B10D07B681B681A68FF
:109CA4007B681B6842F001021A6007E07B681B684E
:109CB4001A687B681B6842F001021A600023184688
:109CC4001437BD4680BC7047002C0140003401406D
:109CD4000004004000080040000C004080B584B03F
:109CE40000AF78607B681B68DB68FB607B681B687F
:109CF4001B69BB60BB6803F00203002B20D0FB6828
:109D040003F00203002B1BD07B681B686FF0020278
:109D14001A617B6801221A777B681B689B6903F0D0
:109D24000303002B03D0786800F098F905E0786805
:109D340000F08BF9786800F09AF97B6800221A77B2
:109D4400BB6803F00403002B20D0FB6803F004037A
:109D5400002B1BD07B681B686FF004021A617B68C0
:109D640002221A777B681B689B6903F44073002BFB
:109D740003D0786800F072F905E0786800F065F9BE
:109D8400786800F074F97B6800221A77BB6803F0E6
:109D94000803002B20D0FB6803F00803002B1BD022
:109DA4007B681B686FF008021A617B6804221A77CB
:109DB4007B681B68DB6903F00303002B03D078681E
:109DC40000F04CF905E0786800F03FF9786800F09D
:109DD4004EF97B6800221A77BB6803F01003002B4E
:109DE40020D0FB6803F01003002B1BD07B681B689A
:109DF4006FF010021A617B6808221A777B681B686F
:109E0400DB6903F44073002B03D0786800F026F973
:109E140005E0786800F019F9786800F028F97B68A3
:109E240000221A77BB6803F00103002B0CD0FB68F7
:109E340003F00103002B07D07B681B686FF001025D
:109E44001A61786802F06EFCBB6803F08003002B93
:109E54000CD0FB6803F08003002B07D07B681B68E1
:109E64006FF080021A61786800F0A5FABB6803F00D
:109E74004003002B0CD0FB6803F04003002B07D0F9
:109E84007B681B686FF040021A61786800F0F8F88C
:109E9400BB6803F02003002B0CD0FB6803F0200305
:109EA400002B07D07B681B686FF020021A6178686A
:109EB40000F078FA00BF1037BD4680BD80B584B08D
:109EC40000AF786039600023FB737B6893F83C3003
:109ED400012B01D10223B4E07B68012283F83C20EA
:109EE4007B68022283F83D207B681B689B68BB600B
:109EF400BB6823F07703BB60BB6823F47F43BB607C
:109F04007B681B68BA689A603B681B68B3F5005F9E
:109F14003ED0B3F5005F00F28780B3F5805F00F0B8
:109F24008680B3F5805F7FD8702B1AD0702B7BD8D6
:109F3400602B50D0602B77D8502B3CD0502B73D84B
:109F4400402B58D0402B6FD8302B64D0302B6BD89B
:109F5400202B60D0202B67D8002B5CD0102B5AD03C
:109F640062E07B6818683B6899683B685A683B689C
:109F7400DB6800F08CF97B681B689B68BB60BB687E
:109F840043F07703BB607B681B68BA689A604FE054
:109F94007B6818683B6899683B685A683B68DB686B
:109FA40000F075F97B681B689A687B681B6842F44B
:109FB40080429A603CE07B6818683B6859683B685B
:109FC400DB681A4600F0ECF87B681B6850211846E1
:109FD40000F043F92CE07B6818683B6859683B68DB
:109FE400DB681A4600F00AF97B681B686021184692
:109FF40000F033F91CE07B6818683B6859683B68DB
:10A00400DB681A4600F0CCF87B681B6840211846D0
:10A0140000F023F90CE07B681A683B681B6819465A
:10A02400104600F01AF903E00123FB7300E000BFBF
:10A034007B68012283F83D207B68002283F83C2062
:10A04400FB7B18461037BD4680BD80B483B000AF9B
:10A05400786000BF0C37BD4680BC704780B483B0C5
:10A0640000AF786000BF0C37BD4680BC704780B439
:10A0740083B000AF786000BF0C37BD4680BC70472A
:10A0840080B483B000AF786000BF0C37BD4680BC9D
:10A094007047000080B485B000AF786039607B6899
:10A0A4001B68FB607B68394A934213D07B68384A4B
:10A0B40093420FD07B68B3F1804F0BD07B68354A55
:10A0C400934207D07B68344A934203D07B68334A77
:10A0D400934208D1FB6823F07003FB603B685B6824
:10A0E400FA681343FB607B68284A934213D07B6869
:10A0F400274A93420FD07B68B3F1804F0BD07B6823
:10A10400244A934207D07B68234A934203D07B6856
:10A11400224A934208D1FB6823F44073FB603B68F6
:10A12400DB68FA681343FB60FB6823F080023B683A
:10A134005B691343FB607B68FA681A603B689A6842
:10A144007B68DA623B681A687B689A627B680F4AAC
:10A15400934203D07B680E4A934203D13B681A6949
:10A164007B681A637B6801225A617B681B6903F070
:10A174000103002B05D07B681B6923F001027B6877
:10A184001A6100BF1437BD4680BC7047002C0140E3
:10A19400003401400004004000080040000C00406E
:10A1A40080B487B000AFF860B9607A60FB681B6A5E
:10A1B4007B61FB681B6A23F00102FB681A62FB687F
:10A1C4009B693B613B6923F0F0033B617B681B01A6
:10A1D4003A6913433B617B6923F00A037B617A6923
:10A1E400BB6813437B61FB683A699A61FB687A69CF
:10A1F4001A6200BF1C37BD4680BC704780B487B06C
:10A2040000AFF860B9607A60FB681B6A7B61FB6829
:10A214001B6A23F01002FB681A62FB689B693B61AE
:10A224003B6923F470433B617B681B033A69134326
:10A234003B617B6923F0A0037B61BB681B017A69E6
:10A2440013437B61FB683A699A61FB687A691A6215
:10A2540000BF1C37BD4680BC704780B485B000AFDA
:10A26400786039607B689B68FB60FB6823F070034F
:10A27400FB603A68FB68134343F00703FB607B68A9
:10A28400FA689A6000BF1437BD4680BC704780B43A
:10A2940087B000AFF860B9607A603B60FB689B6888
:10A2A4007B617B6923F47F437B613B681A027B6893
:10A2B4001A43BB6813437A6913437B61FB687A6969
:10A2C4009A6000BF1C37BD4680BC704780B485B01F
:10A2D40000AF786039607B6893F83C30012B01D182
:10A2E400022350E07B68012283F83C207B68022231
:10A2F40083F83D207B681B685B68FB607B681B6898
:10A304009B68BB60FB6823F07003FB603B681B68C1
:10A31400FA681343FB607B681B68FA685A607B68C1
:10A324001B681B4A934218D07B681B68194A9342E6
:10A3340013D07B681B68B3F1804F0ED07B681B6819
:10A34400154A934209D07B681B68144A934204D08F
:10A354007B681B68124A93420CD1BB6823F08003CC
:10A36400BB603B685B68BA681343BB607B681B686F
:10A37400BA689A607B68012283F83D207B680022DA
:10A3840083F83C20002318461437BD4680BC704730
:10A39400002C01400034014000040040000800404B
:10A3A400000C004080B483B000AF786000BF0C376D
:10A3B400BD4680BC704780B483B000AF786000BFF6
:10A3C4000C37BD4680BC704780B582B000AF786062
:10A3D4007B68002B01D1012342E07B6893F8413074
:10A3E400DBB2002B06D17B68002283F8402078681A
:10A3F40001F09AF97B68242283F841207B681B686A
:10A40400DA687B681B6822F40052DA60786800F02E
:10A41400F3FE7B681B681A697B681B6822F4904210
:10A424001A617B681B685A697B681B6822F02A02E0
:10A434005A617B681B68DA687B681B6842F40052C7
:10A44400DA607B6800225A647B68202283F841200A
:10A454007B68202283F842207B6800225A63002311
:10A4640018460837BD4680BD80B58AB002AFF86093
:10A47400B9603B601346FB8000237B61FB6893F863
:10A484004130DBB2202B75D1BB68002B02D0FB8896
:10A49400002B01D101236EE0FB6800225A64FB68A3
:10A4A400212283F84120FDF77FFF7861FB68FA8859
:10A4B4009A84FB68FA88DA84FB689B68B3F5805F4A
:10A4C40008D1FB681B69002B04D10023FB61BB6826
:10A4D400BB6103E0BB68FB610023BB612EE03B680A
:10A4E40000937B6900228021F86800F031FC034668
:10A4F400002B05D0FB68202283F8412003233AE097
:10A50400FB69002B0BD1BB691B881A46FB681B68CF
:10A51400C2F308025A60BB690233BB6107E0FB69FE
:10A524001A78FB681B685A60FB690133FB61FB689E
:10A53400DB8C9BB2013B9AB2FB68DA84FB68DB8C50
:10A544009BB2002BCBD13B6800937B690022402156
:10A55400F86800F0FDFB0346002B05D0FB682022C1
:10A5640083F84120032306E0FB68202283F841207E
:10A57400002300E0022318462037BD4680BD80B585
:10A5840084B000AFF860B9601346FB80FB6893F8B1
:10A594004230DBB2202B12D1BB68002B02D0FB88E7
:10A5A400002B01D101230BE0FB6800221A63FB8816
:10A5B4001A46B968F86800F024FC034600E0022358
:10A5C40018461037BD4680BD80B58CB000AFF8602A
:10A5D400B9601346FB80FB6893F84130DBB2202B53
:10A5E40056D1BB68002B02D0FB88002B01D101237C
:10A5F4004FE0BA68FB681A62FB68FA889A84FB68C1
:10A60400FA88DA84FB6800225A64FB68212283F802
:10A614004120FB689B6B214A9A62FB689B6B204A32
:10A62400DA62FB689B6B1F4A1A63FB689B6B002210
:10A634005A6307F10803FB62FB68986BFB6A1968AD
:10A64400FB681B6804331A46FB88FEF73DFDFB6874
:10A654001B686FF040021A60FB681B681433BB610F
:10A66400BB6953E8003F7B617B6943F08003BB62B5
:10A67400FB681B681433BA6A7A623B62396A7A6A85
:10A6840041E80023FB61FB69002BE5D1002300E0D6
:10A69400022318463037BD4680BD00BF0BAC00080E
:10A6A400A5AC0008C1AC000880B5BAB000AF7860B2
:10A6B4007B681B681B68C7F8E4307B681B68DB6831
:10A6C400C7F8E0307B681B685B69C7F8DC3000239F
:10A6D400C7F8D8300023C7F8D430D7F8E43003F0F3
:10A6E4000F03C7F8D830D7F8D830002B0FD1D7F8DC
:10A6F400E43003F02003002B09D0D7F8E03003F056
:10A704002003002B03D0786800F0B8FC5BE2D7F894
:10A71400D830002B00F0DE80D7F8DC3003F00103E2
:10A72400002B06D1D7F8E03003F49073002B00F02F
:10A73400D180D7F8E43003F00103002B0BD0D7F815
:10A74400E03003F48073002B05D07B685B6C43F02E
:10A7540001027B685A64D7F8E43003F00403002B49
:10A764000BD0D7F8DC3003F00103002B05D07B6855
:10A774005B6C43F002027B685A64D7F8E43003F060
:10A784000203002B0BD0D7F8DC3003F00103002BBD
:10A7940005D07B685B6C43F004027B685A64D7F88D
:10A7A400E43003F00803002B11D0D7F8E03003F0B5
:10A7B4002003002B05D1D7F8DC3003F00103002B74
:10A7C40005D07B685B6C43F008027B685A647B6845
:10A7D4005B6C002B00F0F281D7F8E43003F0200327
:10A7E400002B08D0D7F8E03003F02003002B02D070
:10A7F400786800F043FC7B681B685B6903F04003E6
:10A80400002B14BF01230023DBB2C7F8D4307B68CC
:10A814005B6C03F00803002B03D1D7F8D430002B72
:10A824004FD0786800F04DFB7B681B685B6903F0D0
:10A834004003002B41D07B681B681433C7F89C305D
:10A84400D7F89C3053E8003FC7F89830D7F89830D1
:10A8540023F04003C7F8D0307B681B681433D7F863
:10A86400D020C7F8A820C7F8A430D7F8A410D7F888
:10A87400A82041E80023C7F8A030D7F8A030002B67
:10A88400D9D17B68DB6B002B13D07B68DB6B7E4AF2
:10A894005A637B68DB6B1846FEF7B2FC0346002B59
:10A8A40016D07B68DB6B5B6B7A68D26B104698477B
:10A8B4000EE0786800F093F90AE0786800F08FF908
:10A8C40006E0786800F08BF97B6800225A6475E131
:10A8D40000BF73E17B681B6B012B40F04F81D7F8FD
:10A8E400E43003F01003002B00F04881D7F8E03087
:10A8F40003F01003002B00F041810023BB607B6850
:10A904001B681B68BB607B681B685B68BB60BB68BB
:10A914007B681B685B6903F04003002B00F0B68082
:10A924007B68DB6B1B685B68A7F8BE30B7F8BE308A
:10A93400002B00F045817B689B8DB7F8BE209A42BE
:10A9440080F03E817B68B7F8BE20DA857B68DB6BDC
:10A954009B69202B00F088807B681B680C33C7F848
:10A964008830D7F8883053E8003FC7F88430D7F8E8
:10A97400843023F48073C7F8B8307B681B680C33C9
:10A98400D7F8B820C7F89420C7F89030D7F89010BB
:10A99400D7F8942041E80023C7F88C30D7F88C30DE
:10A9A400002BD9D17B681B6814337B677B6F53E81A
:10A9B400003F3B673B6F23F00103C7F8B4307B686B
:10A9C4001B681433D7F8B420C7F88020FB67F96FED
:10A9D400D7F8802041E80023BB67BB6F002BE1D18F
:10A9E4007B681B6814333B663B6E53E8003FFB6592
:10A9F400FB6D23F04003C7F8B0307B681B68143349
:10AA0400D7F8B020FA66BB66B96EFA6E41E8002347
:10AA14007B667B6E002BE3D17B68202283F8422087
:10AA24007B6800221A637B681B680C33FB64FB6C35
:10AA340053E8003FBB64BB6C23F01003C7F8AC3091
:10AA44007B681B680C33D7F8AC20BA657B65796DDD
:10AA5400BA6D41E800233B653B6D002BE3D17B6875
:10AA6400DB6B1846FEF790FB7B6802225A637B6817
:10AA74009A8D7B68DB8D9BB2D31A9BB2194678689A
:10AA840000F0B6F89CE000BF8BAF00087B689A8D9D
:10AA94007B68DB8D9BB2D31AA7F8CE307B68DB8D45
:10AAA4009BB2002B00F08E80B7F8CE30002B00F064
:10AAB40089807B681B680C33BB63BB6B53E8003F26
:10AAC4007B637B6B23F49073C7F8C8307B681B6887
:10AAD4000C33D7F8C8207A643B64396C7A6C41E84B
:10AAE4000023FB63FB6B002BE3D17B681B681433EF
:10AAF4007B627B6A53E8003F3B623B6A23F00103BD
:10AB0400C7F8C4307B681B681433D7F8C4203A6391
:10AB1400FB62F96A3A6B41E80023BB62BB6A002B13
:10AB2400E3D17B68202283F842207B6800221A63E9
:10AB34007B681B680C333B613B6953E8003FFB6057
:10AB4400FB6823F01003C7F8C0307B681B680C3324
:10AB5400D7F8C020FA61BB61B969FA6941E80023FA
:10AB64007B617B69002BE3D17B6802225A63B7F8CF
:10AB7400CE301946786800F03BF823E0D7F8E4308B
:10AB840003F08003002B09D0D7F8E03003F08003F2
:10AB9400002B03D0786800F00AFA14E0D7F8E43008
:10ABA40003F04003002B0ED0D7F8E03003F040034D
:10ABB400002B08D0786800F049FA04E000BF02E0F6
:10ABC40000BF00E000BFE837BD4680BD80B483B05D
:10ABD40000AF786000BF0C37BD4680BC704780B4BE
:10ABE40083B000AF786000BF0C37BD4680BC7047AF
:10ABF40080B483B000AF78600B467B8000BF0C3715
:10AC0400BD4680BC704780B590B000AF78607B686B
:10AC14005B6AFB637B681B681B6803F02003002BE3
:10AC240037D1FB6B0022DA84FB6B1B6814337B6225
:10AC34007B6A53E8003F3B623B6A23F08003BB63BB
:10AC4400FB6B1B681433BA6B3A63FB62F96A3A6BA9
:10AC540041E80023BB62BB6A002BE5D1FB6B1B6898
:10AC64000C333B613B6953E8003FFB60FB6843F0F6
:10AC740040037B63FB6B1B680C337A6BFA61BB612B
:10AC8400B969FA6941E800237B617B69002BE5D14E
:10AC940002E0F86B01F06EF900BF4037BD4680BD9D
:10ACA40080B584B000AF78607B685B6AFB60F8684D
:10ACB400FFF78CFF00BF1037BD4680BD80B584B060
:10ACC40000AF78600023FB607B685B6ABB60BB6895
:10ACD4001B685B6903F08003002B14BF012300236E
:10ACE400DBB2FB60BB6893F84130DBB2212B08D1A7
:10ACF400FB68002B05D0BB680022DA84B86800F03A
:10AD0400B9F8BB681B685B6903F04003002B14BFF0
:10AD140001230023DBB2FB60BB6893F84230DBB253
:10AD2400222B08D1FB68002B05D0BB680022DA85F2
:10AD3400B86800F0C6F8BB685B6C43F01002BB68EF
:10AD44005A64B868FFF74BFF00BF1037BD4680BD9B
:10AD540080B586B000AFF860B9603B601346FB7104
:10AD64003BE03B6AB3F1FF3F37D0FDF71DFB0246E2
:10AD74003B68D31A3A6A9A4202D33B6A002B01D148
:10AD840003233AE0FB681B68DB6803F00403002B31
:10AD940023D0BB68802B20D0BB68402B1DD0FB6820
:10ADA4001B681B6803F00803082B16D100237B6182
:10ADB400FB681B681B687B61FB681B685B687B61C5
:10ADC4007B69F86800F07DF8FB6808225A64FB6828
:10ADD400002283F8402001230FE0FB681B681A68F7
:10ADE400BB681340BA689A420CBF01230023DBB24C
:10ADF4001A46FB799A42B4D0002318461837BD4648
:10AE040080BD80B485B000AFF860B9601346FB80A4
:10AE1400FB68BA689A62FB68FA889A85FB68FA88C4
:10AE2400DA85FB6800225A64FB68222283F84220F8
:10AE3400FB681B69002B07D0FB681B68DA68FB689A
:10AE44001B6842F48072DA60FB681B685A69FB680D
:10AE54001B6842F001025A61FB681B68DA68FB68F0
:10AE64001B6842F02002DA60002318461437BD46FE
:10AE740080BC704780B489B000AF78607B681B6881
:10AE84000C33FB60FB6853E8003FBB60BB6823F0F6
:10AE9400C003FB617B681B680C33FA69BA617B6190
:10AEA4007969BA6941E800233B613B69002BE5D12C
:10AEB4007B68202283F8412000BF2437BD4680BC34
:10AEC400704780B495B000AF78607B681B680C3322
:10AED4007B637B6B53E8003F3B633B6B23F49073D2
:10AEE400FB647B681B680C33FA6C3A64FB63F96B94
:10AEF4003A6C41E80023BB63BB6B002BE5D17B6854
:10AF04001B6814333B623B6A53E8003FFB61FB69F7
:10AF140023F00103BB647B681B681433BA6CFA62C8
:10AF2400BB62B96AFA6A41E800237B627B6A002B40
:10AF3400E5D17B681B6B012B19D17B681B680C3333
:10AF4400FB60FB6853E8003FBB60BB6823F0100361
:10AF54007B647B681B680C337A6CBA617B617969AA
:10AF6400BA6941E800233B613B69002BE5D17B686A
:10AF7400202283F842207B6800221A6300BF5437E2
:10AF8400BD4680BC704780B584B000AF78607B68F4
:10AF94005B6AFB60FB680022DA85FB680022DA84C6
:10AFA400F868FFF71CFE00BF1037BD4680BD80B4B3
:10AFB40085B000AF78607B6893F84130DBB2212B19
:10AFC4003ED17B689B68B3F5805F14D17B681B69B5
:10AFD400002B10D17B681B6AFB60FB681B881A4638
:10AFE4007B681B68C2F308025A607B681B6A9A1C60
:10AFF4007B681A6208E07B681B6A591C7A681162D4
:10B004001A787B681B685A607B68DB8C9BB2013BB7
:10B014009BB27A681946D184002B0FD17B681B68D8
:10B02400DA687B681B6822F08002DA607B681B6840
:10B03400DA687B681B6842F04002DA60002300E0B3
:10B04400022318461437BD4680BC704780B582B0D1
:10B0540000AF78607B681B68DA687B681B6822F045
:10B064004002DA607B68202283F84120786800F08F
:10B0740081FF002318460837BD4680BD80B58CB0DB
:10B0840000AF78607B6893F84230DBB2222B40F04B
:10B09400AE807B689B68B3F5805F17D17B681B69C2
:10B0A400002B13D10023FB627B689B6ABB627B6825
:10B0B4001B685B689BB2C3F308039AB2BB6A1A802D
:10B0C4007B689B6A9A1C7B689A6226E07B689B6A11
:10B0D400FB620023BB627B689B68B3F5805F07D08B
:10B0E4007B689B68002B0AD17B681B69002B06D107
:10B0F4007B681B685B68DAB2FB6A1A7008E07B68DD
:10B104001B685B68DBB203F07F03DAB2FB6A1A7078
:10B114007B689B6A5A1C7B689A627B68DB8D9BB256
:10B12400013B9BB27A681946D185002B5DD17B68BF
:10B134001B68DA687B681B6822F02002DA607B688F
:10B144001B68DA687B681B6822F48072DA607B68AB
:10B154001B685A697B681B6822F001025A617B688C
:10B16400202283F842207B6800225A637B681B6B91
:10B17400012B35D17B6800221A637B681B680C3372
:10B184007B617B6953E8003F3B613B6923F010031B
:10B194007B627B681B680C337A6A3A62FB61F969EB
:10B1A4003A6A41E80023BB61BB69002BE5D17B68A7
:10B1B4001B681B6803F01003102B0AD10023FB60EB
:10B1C4007B681B681B68FB607B681B685B68FB60B3
:10B1D400FB687B689B8D19467868FFF709FD02E0E0
:10B1E400786800F0C5FC002302E0002300E002239D
:10B1F40018463037BD4680BD80B584B000AF786056
:10B204007B681B681B6923F440517B68DA687B68A0
:10B214001B680A431A617B689A687B681B691A4336
:10B224007B685B691343BB607B681B68DB6823F442
:10B23400B05323F00C037A681268B9680B43D360E7
:10B244007B681B685B6923F440717B689A697B683F
:10B254001B680A435A617B681B682C4A934203D1DA
:10B26400FDF7AEFCF86002E0FDF796FCF860FA68C2
:10B2740013469B0013449A001A447B685B689B0046
:10B28400B2FBF3F3224AA2FB03235B091901FA6818
:10B2940013469B0013449A001A447B685B689B0026
:10B2A400B2FBF3F21A4BA3FB02035B09642000FB1D
:10B2B40003F3D31A1B013233154AA2FB03235B09A0
:10B2C40003F0F0031944FA6813469B0013449A00F0
:10B2D4001A447B685B689B00B2FBF3F20C4BA3FB44
:10B2E40002035B09642000FB03F3D31A1B0132330E
:10B2F400074AA2FB03235B0903F00F027B681B6868
:10B304000A449A6000BF1037BD4680BD0038014032
:10B314001F85EB5180B500AF62B600BFFCF7ECFFB0
:10B3240000F00EF800F05AF800F0FAF800F0A8F96E
:10B3340000F0D0F900F034F900F0AEFE00BFFDE7F4
:10B3440080B590B000AF07F11803282200211846F9
:10B3540001F0B3FA3B1D00221A605A609A60DA6069
:10B364001A610923BB614FF48033FB6100233B6204
:10B374000123BB6201233B6302237B634FF48033CD
:10B38400BB634FF4E013FB6307F118031846FDF7A2
:10B3940039F80346002B01D000F019F80F237B6025
:10B3A4000223BB600023FB604FF480633B610023F6
:10B3B4007B613B1D02211846FDF7A6FA0346002BCC
:10B3C40001D000F004F800BF4037BD4680BD80B412
:10B3D40000AF72B600BF00BFFDE7000080B588B0C3
:10B3E40000AF07F1100300221A605A609A60DA6015
:10B3F400474B9B69464A43F020039361444B9B6946
:10B4040003F02003FB60FB68414B9B69404A43F017
:10B41400040393613E4B9B6903F00403BB60BB6868
:10B424003B4B9B693A4A43F010039361384B9B6949
:10B4340003F010037B607B68354B9B69344A43F00F
:10B4440008039361324B9B6903F008033B603B683C
:10B45400002293212F48FDF790FD002230212E4831
:10B46400FDF78BFD01224FF440512C48FDF785FD7B
:10B4740000224FF44E712948FDF77FFD93233B6171
:10B4840001237B610023BB610223FB6107F11003ED
:10B4940019462048FDF7C6FB10233B6101237B615D
:10B4A4000023BB610223FB6107F1100319461A480C
:10B4B400FDF7B8FB20233B6101237B610023BB61C3
:10B4C4000323FB6107F1100319461348FDF7AAFB98
:10B4D40043F238333B6101237B610023BB610223C8
:10B4E400FB6107F1100319460C48FDF79BFB4FF471
:10B4F40040433B6100237B610023BB6107F11003E0
:10B5040019460648FDF78EFB00BF2037BD4680BDB7
:10B51400001002400008014000100140000C0140EE
:10B5240080B582B000AF104B5B690F4A43F0010352
:10B5340053610D4B5B6903F001037B607B68002260
:10B5440000210C20FEF7C9FA0C20FEF7E2FA0022D3
:10B5540000211120FEF7C1FA1120FEF7DAFA00BF2C
:10B564000837BD4680BD00BF0010024080B500AF63
:10B57400094B0A4A1A60084B03225A60064B40F6EC
:10B58400C3129A600448FCF763FE0346002B01D003
:10B59400FFF71DFF00BF80BD2C00002000300040DD
:10B5A40080B586B000AF07F1080300221A605A6024
:10B5B4009A60DA603B4600221A605A601D4B4FF0D5
:10B5C40080421A601B4B47225A601A4B00229A6031
:10B5D400184B42F20F72DA60164B00221A61154BB7
:10B5E40000229A611348FEF7C9FA0346002B01D0E2
:10B5F400FFF7EDFE4FF48053BB6007F108031946D3
:10B604000C48FEF75BFC0346002B01D0FFF7DFFE7E
:10B6140000233B6000237B603B4619460548FEF748
:10B6240055FE0346002B01D0FFF7D1FE00BF1837AB
:10B63400BD4680BD3800002080B584B000AF78607E
:10B644007B681B68B3F1804F13D10C4BDB690B4A49
:10B6540043F00103D361094BDB6903F00103FB6091
:10B66400FB68002200211C20FEF737FA1C20FEF79D
:10B6740050FA00BF1037BD4680BD00BF0010024025
:10B6840080B500AF114B124A1A60104B4FF4E132EF
:10B694005A600E4B00229A600C4B0022DA600B4B6E
:10B6A40000221A61094B0C225A61084B00229A614C
:10B6B400064B0022DA610548FEF786FE0346002B9E
:10B6C40001D0FFF784FE00BF80BD00BF80000020D2
:10B6D4000044004080B500AF114B124A1A60104B71
:10B6E4004FF4E1325A600E4B00229A600C4B002258
:10B6F400DA600B4B00221A61094B0C225A61084B89
:10B7040000229A61064B0022DA610548FEF75CFECE
:10B714000346002B01D0FFF75AFE00BF80BD00BFD7
:10B72400C80000200048004080B58AB000AF7860AF
:10B7340007F1180300221A605A609A60DA607B6885
:10B744001B68664A93425FD1654BDB69644A43F4E4
:10B754000033D361624BDB6903F400337B617B69A3
:10B764005F4B9B695E4A43F0040393615C4B9B69A6
:10B7740003F004033B613B690423BB610223FB61C7
:10B7840003237B6207F1180319465648FDF74AFA6A
:10B794000823BB610023FB6100233B6207F118030C
:10B7A40019465048FDF73EFA4F4B504A1A604E4B2B
:10B7B40010225A604C4B00229A604B4B8022DA6074
:10B7C400494B00221A61484B00225A61464B002221
:10B7D4009A61454B4FF40052DA614348FDF7FEFB92
:10B7E4000346002B01D0FFF7F2FD7B683E4A9A63C3
:10B7F4003D4A7B685362002201212620FEF76DF941
:10B804002620FEF786F964E07B681B68384A934279
:10B814005FD1334BDB69324A43F48023D361304B2D
:10B82400DB6903F48023FB60FB682D4B9B692C4A86
:10B8340043F0080393612A4B9B6903F00803BB6040
:10B84400BB684FF48063BB610223FB6103237B620B
:10B8540007F1180319462748FDF7E4F94FF400638C
:10B86400BB610023FB6100233B6207F11803194607
:10B874002048FDF7D7F9204B204A1A601E4B1022AE
:10B884005A601D4B00229A601B4B8022DA601A4BCF
:10B8940000221A61184B00225A61174B00229A6148
:10B8A400154B0022DA611448FDF798FB0346002B80
:10B8B40001D0FFF78CFD7B680F4A9A630E4A7B68C0
:10B8C4005362002202212720FEF707F92720FEF702
:10B8D40020F900BF2837BD4680BD00BF00440040AA
:10B8E40000100240000801401001002080000240C6
:10B8F40000480040000C0140540100201C0002409C
:10B9040080B400AF00BFFDE780B400AF00BFFDE727
:10B9140080B400AF00BFFDE780B400AF00BFFDE717
:10B9240080B400AF00BFFDE780B400AF00BFBD46E8
:10B9340080BC704780B400AF00BFBD4680BC704778
:10B9440080B400AF00BFBD4680BC704780B500AF77
:10B95400FCF718FD00BF80BD80B500AF0248FDF7BD
:10B9640057FD00BF80BD00BF5401002080B500AF6B
:10B974000248FDF74DFD00BF80BD00BF100100204F
:10B9840080B500AF0248FEF7A9F900BF80BD00BF33
:10B994003800002080B500AF0248FEF785FE00BFE6
:10B9A40080BD00BF8000002080B500AF0248FEF7D4
:10B9B4007BFE00BF80BD00BFC800002080B485B0FE
:10B9C40000AF154B9B69144A43F001039361124B7A
:10B9D4009B6903F00103BB60BB680F4BDB690E4A34
:10B9E40043F08053D3610C4BDB6903F080537B60DD
:10B9F4007B680A4B5B68FB60FB6823F0E063FB60D9
:10BA0400FB6843F00073FB60044AFB68536000BFAB
:10BA14001437BD4680BC704700100240000001404E
:10BA2400FCF708FC0B480C490C4A002302E0D458EC
:10BA3400C4500433C4188C42F9D3094A094C002376
:10BA440001E013600432A242FBD300F03FFFFFF792
:10BA540061FC7047000000200C000020F8C90008B9
:10BA64000C0000202C030020FEE7000080B400AF8F
:10BA7400BFF34F8F00BF064BDB6803F4E062044959
:10BA8400044B1343CB60BFF34F8F00BF00BFFDE7F0
:10BA940000ED00E00400FA0580B584B000AF7860E2
:10BAA4000B46FB700023FB6000E000BF174B1B78C4
:10BAB400DBB2002B06D0FB685A1CFA6044F61F6206
:10BAC4009342F2D9012210211148FDF756FA0023BE
:10BAD4007B8105E000BF7B899BB201339BB27B81F4
:10BAE4007B899BB2B3F5FA7FF4D3FB781A46796865
:10BAF400084800F00FFFFB789BB21A460549064838
:10BB0400FEF762FD00BF1037BD4680BD1402002061
:10BB140000080140180200208000002080B584B095
:10BB240000AF78600B46FB700023FB8105E000BF8B
:10BB3400FB899BB201339BB2FB81FB899BB2B3F5BA
:10BB4400FA7FF4D3FB781A467968074800F0E2FEDE
:10BB5400FB789BB21A4604490448FEF735FD00BF42
:10BB64001037BD4680BD00BF50020020C800002031
:10BB740080B586B000AF78607B681B688B4A9342BF
:10BB840065D18B4B1B78002B0ED18A4B1B78A52BD0
:10BB940057D1884B1A78884B1A70854B01221A703A
:10BBA400864B01221A704CE0814B1B78012B12D179
:10BBB400804B1B785A2B07D17E4B1A787E4B5A70D8
:10BBC4007B4B02221A703CE0794B00221A707B4BAB
:10BBD40000221A7035E0764B1B781A46754B19789B
:10BBE400754B9954724B1B780133DAB2704B1A704F
:10BBF4006F4B1B78062B24D96D4B1B78023B6E4A86
:10BC0400D35CB62B13D16A4B1B78013B6A4AD35CD5
:10BC14006B2B0CD1664B1B7819466748FFF77EFFE8
:10BC2400634B00221A70654B00221A7009E0604BC6
:10BC34001B780A2B05D95E4B00221A705F4B002239
:10BC44001A7001225B495E48FEF799FC7BE17B6830
:10BC54001B685C4A934240F076815B4B0E22194686
:10BC64005A4800F011FE5A4B1A78584B9A735949A6
:10BC74005648FCF7D5FA0346002B01D100F090F9A1
:10BC8400554B06221946554800F0FEFD504B1A78D4
:10BC9400524B9A7152495148FCF7C2FA0346002BA1
:10BCA4000DD14FF47A7353224E494F48FEF7DCFB13
:10BCB4004FF47A7302224D494B48FEF7D5FB4C4BA7
:10BCC4001B78002B22D14B4B1B78002B1ED1404BF1
:10BCD4001B78A52B0AD13E4B1A78474B1A70454B5B
:10BCE40001221A70424B01221A7026E1384B1B784C
:10BCF4005B2B40F02281364B1A783F4B1A703D4B38
:10BD040001221A703A4B02221A7016E1384B1B7842
:10BD1400012B73D1374B1B78012B12D12C4B1B7881
:10BD24005A2B07D12A4B1A78334B5A70314B0222C3
:10BD34001A7003E12F4B00221A702D4B00221A7047
:10BD4400FCE02C4B1B781A46214B19782A4B99544A
:10BD5400284B1B780133DAB2264B1A70254B1B781B
:10BD6400072B16D1234B1B78023B234AD35CB62BFB
:10BD740040F0E4801F4B1B78013B1F4AD35C6B2BC4
:10BD840040F0DC801B4B00221A70194B00221A7001
:10BD9400D4E0184B1B78072B40F2D080154B0022BF
:10BDA4001A70134B00221A70C8E000BF0044004010
:10BDB40088020020980100209C0100201402002029
:10BDC40080000020004800408D0200208C020020EA
:10BDD400990100204CC900089D0200209C0200200B
:10BDE4005CC9000864C90008C8000020B8C900087C
:10BDF400A4020020A5020020D4010020544B1B788B
:10BE0400022B40F09B80534B1B781A46524B1978F7
:10BE1400524B99544F4B1B780133DAB24D4B1A7085
:10BE24004C4B1B78042B2ED94C4BDB78212B2AD17D
:10BE34004A4B1B79002B26D1464B1B78072B7DD907
:10BE4400464B5B78062B17D10621444800F0CAFC08
:10BE54000346FB82414BDB791BB21B021AB23F4BF8
:10BE64009B791BB213431BB2BB82FA8ABB8A9A42E8
:10BE740002D13B4B01221A70364B00221A70344B0C
:10BE840000221A705AE0334B1B78092B56D9334BD6
:10BE94005B78062B4AD10821304800F0A3FC034606
:10BEA4007B822E4B5B7A1BB21B021AB22B4B1B7A82
:10BEB4001BB213431BB23B827A8A3B8A9A4235D126
:10BEC400264BDB78FB73FB7B202B29D1234B1A7980
:10BED400244B1A70214B5A79224B5A701F4B9A7972
:10BEE400204B9A701D4BDA791E4BDA701C4B0122E1
:10BEF4001A701C4B9B78012B0ED11A4B5B78002BCC
:10BF04000AD1184BDB78002B06D1174B01221A708B
:10BF1400164B00221A7009E0134B00221A7005E038
:10BF2400FB7B192B02D10E4B01221A70094B002204
:10BF34001A70074B00221A7000E000BF0122064964
:10BF44000B48FEF71CFB00BF1837BD4680BD00BF81
:10BF5400A4020020A502002099010020D4010020A1
:10BF64000D020020100200200C02002028030020F3
:10BF7400C800002080B582B000AF78607B681B6881
:10BF8400054A934204D1002210210448FCF7F5FF2E
:10BF940000BF0837BD4680BD004400400008014092
:10BFA40080B582B000AF104BDB690F4A43F0805379
:10BFB400D3610D4BDB6903F080537B607B680A4BD4
:10BFC400DB69094A43F00063D361074BDB6903F083
:10BFD40000633B603B68FDF7C5FD044B45F2AA5284
:10BFE4005A60FFF743FD00BF00100240006C0040A0
:10BFF40080B500AF41F2883000F07CFB00221021B4
:10C004001F48FCF7BAFF4FF4FA7000F073FB0122EB
:10C0140010211B48FCF7B1FF4FF4FA7000F06AFBE3
:10C02400002210211648FCF7A8FF4FF4FA7000F024
:10C0340061FB00F023FC00F06BFB00F001F900222F
:10C0440010211048FCF799FF01220F490F48FEF711
:10C0540096FA01220E490F48FEF791FA64236422EE
:10C064006421282000F006FB4FF4FA7000F042FB34
:10C07400642364226421282000F0FCFA00BF80BD00
:10C08400001001400008014099010020C800002070
:10C09400980100208000002080B584B000AFFFF735
:10C0A400A7FF0A2000F026FB564B1B78DBB2132BAC
:10C0B40004D900F0BBF8534B00221A70524B1B7882
:10C0C400DBB2002B71D0504B00221A704F4A3B1D3B
:10C0D4001068516803C312891A80FB79FB73FB7BD8
:10C0E400202B1AD13B1D0A211846FFF7D5FC3B1D16
:10C0F4000A211846FFF712FD454B1B78DBB2002BD3
:10C1040053D1444B1B781846424B9978414B5A788B
:10C11400404BDB7800F0AEFA47E0FB7B212B37D1B4
:10C124003D4B1B78DBB2002B0FD0002210213B4883
:10C13400FCF723FF002280213948FCF71EFF364B11
:10C1440000221A70374B00221A707B7AFF2B0BD116
:10C15400012210213148FCF710FF324B00221A70E3
:10C164002D4B01221A700DE07B7A002B0AD101229B
:10C1740080212B48FCF701FF2A4B00221A70264B22
:10C1840002221A703B1D08211846FFF7C7FC0CE079
:10C19400FB7B192B09D13B1D0A211846FFF77CFCB8
:10C1A4003B1D0A211846FFF7B9FC194B1B78DBB27B
:10C1B400002B24D01C4B1B78DBB20A2B06D800239F
:10C1C40000226421282000F055FA18E0164B1B7851
:10C1D400DBB2312B0BD9144B1B78DBB23C2B06D8CA
:10C1E400002300220021282000F044FA07E00E4B2F
:10C1F4001B78DBB2642B02D90B4B00221A7000F0BF
:10C2040033FB4EE7290300200D020020D401002057
:10C214000C020020100200202B030020001001401B
:10C22400000801402A0300202803002080B500AF45
:10C2340008210248FCF7B9FE00BF80BD000C014094
:10C2440080B500AF002202210F48FCF796FE0022C1
:10C2540001210D48FCF791FE002220210B48FCF738
:10C264008CFE002210210948FCF787FE00224FF4BF
:10C2740000710648FCF781FE00224FF480710348E8
:10C28400FCF77BFE00BF80BD00080140000C0140AC
:10C2940080B500AF002202210F48FCF76EFE012298
:10C2A40001210D48FCF769FE002220210B48FCF710
:10C2B40064FE012210210948FCF75FFE00224FF4BE
:10C2C40000710648FCF759FE01224FF480710348BF
:10C2D400FCF753FE00BF80BD00080140000C014084
:10C2E40080B500AF012202210F48FCF746FE002270
:10C2F40001210D48FCF741FE012220210B48FCF7E7
:10C304003CFE002210210948FCF737FE01224FF4BD
:10C3140000710648FCF731FE00224FF48071034897
:10C32400FCF72BFE00BF80BD00080140000C01405B
:10C3340080B500AF4FF400414548FCF707FE0346C3
:10C34400002B25D1434B1B78002B0AD0FFF778FF35
:10C35400404B00221A70404B00221A803F4B0022AF
:10C364001A703F4B1B780133DAB23D4B1A703C4BC9
:10C374001B78022B53D93A4B03221A70374B1B7884
:10C38400002B4CD1374B01221A70FFF781FF46E096
:10C394004FF480412E48FCF7D9FD0346002B25D1EC
:10C3A4002F4B1B78002B0AD0FFF74AFF2C4B00229F
:10C3B4001A70294B00221A80284B00221A70254B30
:10C3C4001B780133DAB2234B1A70224B1B78022BF1
:10C3D40025D9204B03221A70204B1B78002B1ED129
:10C3E400204B01221A70FFF77BFF18E01D4B1B78CE
:10C3F400012B03D0194B1B78012B04D1FFF720FF2D
:10C40400184B00221A70134B00221A70144B00228E
:10C414001A70114B00221A80104B00221A70114B13
:10C424001B78012B12D10C4B1B8801339AB20A4B97
:10C434001A80094B1B88B3F5966F07D3FFF700FFEB
:10C44400084B00221A70054B01221A7000BF80BDF0
:10C45400000C0140A6020020A8020020AA0200202D
:10C46400AB020020AC02002080B400AF234B20229A
:10C474001A6100BF00BF00BF00BF00BF00BF00BF04
:10C4840000BF00BF00BF00BF00BF00BF00BF00BFB0
:10C4940000BF1A4B20225A6100BF00BF00BF00BF7B
:10C4A40000BF00BF00BF00BF00BF00BF00BF00BF90
:10C4B40000BF00BF00BF00BF00BF00BF00BF00BF80
:10C4C40000BF00BF00BF00BF00BF00BF00BF00BF70
:10C4D40000BF00BF00BF00BF00BF00BF00BF00BF60
:10C4E40000BF00BF00BF00BF00BF00BF00BF00BF50
:10C4F40000BF00BFBD4680BC704700BF00100140B4
:10C5040080B400AF254B20221A6100BF00BF00BFDA
:10C5140000BF00BF00BF00BF00BF00BF00BF00BF1F
:10C5240000BF00BF00BF00BF00BF00BF00BF00BF0F
:10C5340000BF00BF00BF00BF00BF00BF00BF00BFFF
:10C5440000BF00BF00BF00BF00BF00BF00BF00BFEF
:10C5540000BF00BF00BF00BF00BF00BF00BF00BFDF
:10C5640000BF00BF00BF00BF00BF00BF00BF0B4B38
:10C5740020225A6100BF00BF00BF00BF00BF00BF40
:10C5840000BF00BF00BF00BF00BF00BF00BF00BFAF
:10C5940000BF00BF00BFBD4680BC70470010014013
:10C5A40080B483B000AF0E4B20225A610023FB807D
:10C5B40003E000BFFB880133FB80FB8840F6B73201
:10C5C4009342F6D900BF00BF00BF00BF00BF00BF49
:10C5D40000BF00BF00BF00BF0C37BD4680BC704722
:10C5E4000010014080B584B000AF0346FB711C20ED
:10C5F400FDF79DFA1D4B1B681C4A23F001031360D1
:10C604000023FB731BE0FB7B194AD35C7B73002381
:10C61400BB730EE097F90D30002B02DAFFF770FFC1
:10C6240001E0FFF721FF7B7B5B007B73BB7B013366
:10C63400BB73BB7B072BEDD9FB7B0133FB73F97B0E
:10C64400FA7913465B0013449942DCDB074B1B6801
:10C65400064A43F0010313601C20FDF75AFAFFF762
:10C664009FFF00BF1037BD4680BD00BF10E000E053
:10C67400B002002090B585B000AF044608461146CC
:10C684001A462346FB8003467B710B463B711346D7
:10C69400FB70FB88282B01D92823FB800023FB8116
:10C6A40019E0FA8913465B00134411493A79CA54D4
:10C6B400FA8913465B00134401330D497A79CA544D
:10C6C400FA8913465B00134402330949FA78CA54C1
:10C6D400FB890133FB81FA89FB889A42E1D3FB8809
:10C6E400DBB21846FFF77EFF00BF1437BD4690BD8E
:10C6F400B002002080B582B000AF0346FB80FB8807
:10C704001846FBF75BFE00BF0837BD4680BD00003E
:10C7140080B500AF0248FDF781FA00BF80BD00BFBD
:10C724003800002080B582B000AF78607B681B6859
:10C73400B3F1804F46D1254B1B78DBB20133DAB21B
:10C74400224B1A70224B1B78DBB20133DAB2204B36
:10C754001A70FFF7EDFD1F4B1B78DBB2002B31D0B5
:10C764001D4B1B78DBB20133DAB21B4B1A70194B29
:10C774001B78DBB2012B10D1174B1B78DBB2002BDB
:10C784000BD0002210211548FCF7F7FB114B0022B7
:10C794001A70114B00221A7014E00E4B1B78DBB296
:10C7A400022B0FD10C4B1B78DBB2092B0AD90022C8
:10C7B40080210B48FCF7E1FB064B00221A70064B64
:10C7C40000221A7000BF0837BD4680BD2803002030
:10C7D400290300202B0300202A030020001001401D
:10C7E4000008014080B487B000AF78600B467B80BE
:10C7F4004FF6FF73FB824AF20103FB8100237B7334
:10C804000023BB8225E0BB8A7A6813441B787B73C0
:10C814007B7B9AB2FB8A5340FB8200233B6112E08C
:10C82400FB8A03F00103002B07D0FB8A5B08FB8221
:10C83400FA8AFB895340FB8202E0FB8A5B08FB8295
:10C844003B6901333B613B69072BE9DDBB8A01335B
:10C85400BB82BA8A7B889A42D5D3FB8A18461C3796
:10C86400BD4680BC7047000080B500AF0248FBF7AE
:10C8740033FD00BF80BD00BF2C00002080B500AF99
:10C88400FEF774FE00BF80BD884210B501EB0204C0
:10C8940002D98442234607D8431EA14207D011F887
:10C8A400012B03F8012FF8E70244824200D110BDA6
:10C8B40013F8011D02F8011DF7E7034602449342F1
:10C8C40000D1704703F8011BF9E7000070B500269A
:10C8D4000C4D0D4B5B1B9C10A64209D1002600F0A9
:10C8E40027F80A4D0A4B5B1B9C10A64205D170BD6C
:10C8F40055F8043B98470136EEE755F8043B984752
:10C904000136F2E7F0C90008F0C90008F0C90008D0
:10C91400F4C900080A44914200F1FF3300D1704782
:10C9240010B511F8014B914203F8014FF9D110BD34
:10C93400F8B500BFF8BC08BC9E467047F8B500BF08
:08C94400F8BC08BC9E467047D8
:10C94C005550444154455F4649524D57415245005C
:10C95C0056455253494F4E0046572D4A54303034A9
:10C96C002D30312056312E332E302E32303236309F
:10C97C003832382F46572D4A543030342D3033202E
:10C98C0056312E312E302E32303236303832382F5E
:10C99C0046572D4A543030362D30312056312E31F9
:10C9AC002E302E3230323630383238000D0A00003C
:10C9BC000000000000000000010203040607080943
:10C9CC000000000001020304020304050607080925
:0CC9DC000A0B0C0D0E0F101001020000E1
:08C9E8003CB8FF7F01000000D4
:04C9F00009820008B0
:04C9F400E5810008D1
:0CC9F80000127A00100000000100000096
:040000050800BA2510
:00000001FF
